commodity,region,date,price,volume_arrivals_tonnes,source,is_real_record
soybean,Madhya Pradesh,2025-09-01,4820.0,850.0,Agmarknet (Indore & Dewas Mandi),True
soybean,Madhya Pradesh,2025-09-02,4821.7,849.3,Agmarknet (Indore & Dewas Mandi),True
soybean,Madhya Pradesh,2025-09-03,4823.3,847.0,Agmarknet (Indore & Dewas Mandi),True
soybean,Madhya Pradesh,2025-09-04,4825.0,843.3,Agmarknet (Indore & Dewas Mandi),True
soybean,Madhya Pradesh,2025-09-05,4826.6,838.2,Agmarknet (Indore & Dewas Mandi),True
soybean,Madhya Pradesh,2025-09-06,4828.2,831.6,Agmarknet (Indore & Dewas Mandi),True
soybean,Madhya Pradesh,2025-09-08,4831.3,814.7,Agmarknet (Indore & Dewas Mandi),True
soybean,Madhya Pradesh,2025-09-09,4832.8,804.5,Agmarknet (Indore & Dewas Mandi),True
soybean,Madhya Pradesh,2025-09-10,4834.2,793.2,Agmarknet (Indore & Dewas Mandi),True
soybean,Madhya Pradesh,2025-09-11,4835.6,781.0,Agmarknet (Indore & Dewas Mandi),True
soybean,Madhya Pradesh,2025-09-12,4836.9,768.0,Agmarknet (Indore & Dewas Mandi),True
soybean,Madhya Pradesh,2025-09-13,4838.1,754.4,Agmarknet (Indore & Dewas Mandi),True
soybean,Madhya Pradesh,2025-09-15,4840.3,725.5,Agmarknet (Indore & Dewas Mandi),True
soybean,Madhya Pradesh,2025-09-16,4841.3,710.6,Agmarknet (Indore & Dewas Mandi),True
soybean,Madhya Pradesh,2025-09-17,4842.2,695.6,Agmarknet (Indore & Dewas Mandi),True
soybean,Madhya Pradesh,2025-09-18,4843.0,680.7,Agmarknet (Indore & Dewas Mandi),True
soybean,Madhya Pradesh,2025-09-19,4843.7,665.9,Agmarknet (Indore & Dewas Mandi),True
soybean,Madhya Pradesh,2025-09-20,4844.3,651.5,Agmarknet (Indore & Dewas Mandi),True
soybean,Madhya Pradesh,2025-09-22,4845.2,624.3,Agmarknet (Indore & Dewas Mandi),True
soybean,Madhya Pradesh,2025-09-23,4845.5,611.7,Agmarknet (Indore & Dewas Mandi),True
soybean,Madhya Pradesh,2025-09-24,4845.7,600.1,Agmarknet (Indore & Dewas Mandi),True
soybean,Madhya Pradesh,2025-09-25,4845.8,589.4,Agmarknet (Indore & Dewas Mandi),True
soybean,Madhya Pradesh,2025-09-26,4845.8,579.8,Agmarknet (Indore & Dewas Mandi),True
soybean,Madhya Pradesh,2025-09-27,4845.7,571.5,Agmarknet (Indore & Dewas Mandi),True
soybean,Madhya Pradesh,2025-09-29,4845.2,558.7,Agmarknet (Indore & Dewas Mandi),True
soybean,Madhya Pradesh,2025-09-30,4844.8,554.4,Agmarknet (Indore & Dewas Mandi),True
soybean,Madhya Pradesh,2025-10-01,4844.3,551.5,Agmarknet (Indore & Dewas Mandi),True
soybean,Madhya Pradesh,2025-10-02,4843.8,550.1,Agmarknet (Indore & Dewas Mandi),True
soybean,Madhya Pradesh,2025-10-03,4843.1,550.3,Agmarknet (Indore & Dewas Mandi),True
soybean,Madhya Pradesh,2025-10-04,4842.4,551.9,Agmarknet (Indore & Dewas Mandi),True
soybean,Madhya Pradesh,2025-10-06,4840.7,559.5,Agmarknet (Indore & Dewas Mandi),True
soybean,Madhya Pradesh,2025-10-07,4695.7,1115.7,Agmarknet (Indore & Dewas Mandi),True
soybean,Madhya Pradesh,2025-10-08,4693.4,1165.1,Agmarknet (Indore & Dewas Mandi),True
soybean,Madhya Pradesh,2025-10-09,4691.1,1215.0,Agmarknet (Indore & Dewas Mandi),True
soybean,Madhya Pradesh,2025-10-10,4689.1,1264.8,Agmarknet (Indore & Dewas Mandi),True
soybean,Madhya Pradesh,2025-10-11,4687.3,1313.5,Agmarknet (Indore & Dewas Mandi),True
soybean,Madhya Pradesh,2025-10-13,4684.4,1404.8,Agmarknet (Indore & Dewas Mandi),True
soybean,Madhya Pradesh,2025-10-14,4683.3,1446.1,Agmarknet (Indore & Dewas Mandi),True
soybean,Madhya Pradesh,2025-10-15,4682.5,1483.5,Agmarknet (Indore & Dewas Mandi),True
soybean,Madhya Pradesh,2025-10-16,4681.9,1516.4,Agmarknet (Indore & Dewas Mandi),True
soybean,Madhya Pradesh,2025-10-17,4681.7,1544.5,Agmarknet (Indore & Dewas Mandi),True
soybean,Madhya Pradesh,2025-10-18,4681.8,1567.1,Agmarknet (Indore & Dewas Mandi),True
soybean,Madhya Pradesh,2025-10-20,4682.8,1595.0,Agmarknet (Indore & Dewas Mandi),True
soybean,Madhya Pradesh,2025-10-21,4683.7,1599.8,Agmarknet (Indore & Dewas Mandi),True
soybean,Madhya Pradesh,2025-10-22,4685.0,1598.3,Agmarknet (Indore & Dewas Mandi),True
soybean,Madhya Pradesh,2025-10-23,4686.5,1590.6,Agmarknet (Indore & Dewas Mandi),True
soybean,Madhya Pradesh,2025-10-24,4688.3,1576.9,Agmarknet (Indore & Dewas Mandi),True
soybean,Madhya Pradesh,2025-10-25,4690.3,1557.2,Agmarknet (Indore & Dewas Mandi),True
soybean,Madhya Pradesh,2025-10-27,4695.1,1501.6,Agmarknet (Indore & Dewas Mandi),True
soybean,Madhya Pradesh,2025-10-28,4697.7,1466.4,Agmarknet (Indore & Dewas Mandi),True
soybean,Madhya Pradesh,2025-10-29,4700.6,1427.2,Agmarknet (Indore & Dewas Mandi),True
soybean,Madhya Pradesh,2025-10-30,4703.5,1384.4,Agmarknet (Indore & Dewas Mandi),True
soybean,Madhya Pradesh,2025-10-31,4706.6,1338.7,Agmarknet (Indore & Dewas Mandi),True
soybean,Madhya Pradesh,2025-11-01,4709.8,1290.8,Agmarknet (Indore & Dewas Mandi),True
soybean,Madhya Pradesh,2025-11-03,4716.3,1191.6,Agmarknet (Indore & Dewas Mandi),True
soybean,Madhya Pradesh,2025-11-04,4719.5,1141.8,Agmarknet (Indore & Dewas Mandi),True
soybean,Madhya Pradesh,2025-11-05,4722.7,1092.9,Agmarknet (Indore & Dewas Mandi),True
soybean,Madhya Pradesh,2025-11-06,4725.8,1045.7,Agmarknet (Indore & Dewas Mandi),True
soybean,Madhya Pradesh,2025-11-07,4728.9,1000.9,Agmarknet (Indore & Dewas Mandi),True
soybean,Madhya Pradesh,2025-11-08,4731.8,959.2,Agmarknet (Indore & Dewas Mandi),True
soybean,Madhya Pradesh,2025-11-10,4737.2,887.7,Agmarknet (Indore & Dewas Mandi),True
soybean,Madhya Pradesh,2025-11-11,4739.6,858.9,Agmarknet (Indore & Dewas Mandi),True
soybean,Madhya Pradesh,2025-11-12,4741.8,835.5,Agmarknet (Indore & Dewas Mandi),True
soybean,Madhya Pradesh,2025-11-13,4743.8,817.8,Agmarknet (Indore & Dewas Mandi),True
soybean,Madhya Pradesh,2025-11-14,4745.5,806.1,Agmarknet (Indore & Dewas Mandi),True
soybean,Madhya Pradesh,2025-11-15,4746.9,800.5,Agmarknet (Indore & Dewas Mandi),True
soybean,Madhya Pradesh,2025-11-17,4748.9,808.0,Agmarknet (Indore & Dewas Mandi),True
soybean,Madhya Pradesh,2025-11-18,4749.5,821.0,Agmarknet (Indore & Dewas Mandi),True
soybean,Madhya Pradesh,2025-11-19,4749.7,839.9,Agmarknet (Indore & Dewas Mandi),True
soybean,Madhya Pradesh,2025-11-20,4749.7,864.4,Agmarknet (Indore & Dewas Mandi),True
soybean,Madhya Pradesh,2025-11-21,4749.3,894.1,Agmarknet (Indore & Dewas Mandi),True
soybean,Madhya Pradesh,2025-11-22,4748.7,928.6,Agmarknet (Indore & Dewas Mandi),True
soybean,Madhya Pradesh,2025-11-24,4746.6,1009.8,Agmarknet (Indore & Dewas Mandi),True
soybean,Madhya Pradesh,2025-11-25,4745.2,1055.1,Agmarknet (Indore & Dewas Mandi),True
soybean,Madhya Pradesh,2025-11-26,4743.5,1102.8,Agmarknet (Indore & Dewas Mandi),True
soybean,Madhya Pradesh,2025-11-27,4741.6,1151.9,Agmarknet (Indore & Dewas Mandi),True
soybean,Madhya Pradesh,2025-11-28,4739.5,1201.8,Agmarknet (Indore & Dewas Mandi),True
soybean,Madhya Pradesh,2025-11-29,4737.3,1251.6,Agmarknet (Indore & Dewas Mandi),True
soybean,Madhya Pradesh,2025-12-01,4732.3,1348.2,Agmarknet (Indore & Dewas Mandi),True
soybean,Madhya Pradesh,2025-12-02,4848.7,553.8,Agmarknet (Indore & Dewas Mandi),True
soybean,Madhya Pradesh,2025-12-03,4850.3,551.2,Agmarknet (Indore & Dewas Mandi),True
soybean,Madhya Pradesh,2025-12-04,4851.9,550.0,Agmarknet (Indore & Dewas Mandi),True
soybean,Madhya Pradesh,2025-12-05,4853.4,550.4,Agmarknet (Indore & Dewas Mandi),True
soybean,Madhya Pradesh,2025-12-06,4854.9,552.3,Agmarknet (Indore & Dewas Mandi),True
soybean,Madhya Pradesh,2025-12-08,4857.6,560.4,Agmarknet (Indore & Dewas Mandi),True
soybean,Madhya Pradesh,2025-12-09,4858.9,566.6,Agmarknet (Indore & Dewas Mandi),True
soybean,Madhya Pradesh,2025-12-10,4860.2,574.1,Agmarknet (Indore & Dewas Mandi),True
soybean,Madhya Pradesh,2025-12-11,4861.3,582.9,Agmarknet (Indore & Dewas Mandi),True
soybean,Madhya Pradesh,2025-12-12,4862.4,592.9,Agmarknet (Indore & Dewas Mandi),True
soybean,Madhya Pradesh,2025-12-13,4863.3,603.9,Agmarknet (Indore & Dewas Mandi),True
soybean,Madhya Pradesh,2025-12-15,4865.0,628.7,Agmarknet (Indore & Dewas Mandi),True
soybean,Madhya Pradesh,2025-12-16,4865.7,642.2,Agmarknet (Indore & Dewas Mandi),True
soybean,Madhya Pradesh,2025-12-17,4866.3,656.3,Agmarknet (Indore & Dewas Mandi),True
soybean,Madhya Pradesh,2025-12-18,4866.8,670.9,Agmarknet (Indore & Dewas Mandi),True
soybean,Madhya Pradesh,2025-12-19,4867.2,685.7,Agmarknet (Indore & Dewas Mandi),True
soybean,Madhya Pradesh,2025-12-20,4867.5,700.7,Agmarknet (Indore & Dewas Mandi),True
soybean,Madhya Pradesh,2025-12-22,4867.8,730.5,Agmarknet (Indore & Dewas Mandi),True
soybean,Madhya Pradesh,2025-12-23,4867.8,745.0,Agmarknet (Indore & Dewas Mandi),True
soybean,Madhya Pradesh,2025-12-24,4867.7,759.0,Agmarknet (Indore & Dewas Mandi),True
soybean,Madhya Pradesh,2025-12-25,4867.5,772.5,Agmarknet (Indore & Dewas Mandi),True
soybean,Madhya Pradesh,2025-12-26,4867.2,785.2,Agmarknet (Indore & Dewas Mandi),True
soybean,Madhya Pradesh,2025-12-27,4866.8,797.1,Agmarknet (Indore & Dewas Mandi),True
soybean,Madhya Pradesh,2025-12-29,4865.7,817.9,Agmarknet (Indore & Dewas Mandi),True
soybean,Madhya Pradesh,2025-12-30,4865.1,826.6,Agmarknet (Indore & Dewas Mandi),True
soybean,Madhya Pradesh,2025-12-31,4864.3,834.0,Agmarknet (Indore & Dewas Mandi),True
soybean,Madhya Pradesh,2026-01-01,4863.5,840.0,Agmarknet (Indore & Dewas Mandi),True
soybean,Madhya Pradesh,2026-01-02,4862.7,844.7,Agmarknet (Indore & Dewas Mandi),True
soybean,Madhya Pradesh,2026-01-03,4861.8,847.9,Agmarknet (Indore & Dewas Mandi),True
soybean,Madhya Pradesh,2026-01-05,4859.7,849.9,Agmarknet (Indore & Dewas Mandi),True
soybean,Madhya Pradesh,2026-01-06,4858.7,848.7,Agmarknet (Indore & Dewas Mandi),True
soybean,Madhya Pradesh,2026-01-07,4857.6,845.9,Agmarknet (Indore & Dewas Mandi),True
soybean,Madhya Pradesh,2026-01-08,4856.4,841.7,Agmarknet (Indore & Dewas Mandi),True
soybean,Madhya Pradesh,2026-01-09,4855.3,836.1,Agmarknet (Indore & Dewas Mandi),True
soybean,Madhya Pradesh,2026-01-10,4854.1,829.1,Agmarknet (Indore & Dewas Mandi),True
soybean,Madhya Pradesh,2026-01-12,4851.7,811.4,Agmarknet (Indore & Dewas Mandi),True
soybean,Madhya Pradesh,2026-01-13,4850.6,800.8,Agmarknet (Indore & Dewas Mandi),True
soybean,Madhya Pradesh,2026-01-14,4849.4,789.2,Agmarknet (Indore & Dewas Mandi),True
soybean,Madhya Pradesh,2026-01-15,4848.3,776.8,Agmarknet (Indore & Dewas Mandi),True
soybean,Madhya Pradesh,2026-01-16,4847.2,763.5,Agmarknet (Indore & Dewas Mandi),True
soybean,Madhya Pradesh,2026-01-17,4846.1,749.6,Agmarknet (Indore & Dewas Mandi),True
soybean,Madhya Pradesh,2026-01-19,4844.1,720.5,Agmarknet (Indore & Dewas Mandi),True
soybean,Madhya Pradesh,2026-01-20,4843.2,705.6,Agmarknet (Indore & Dewas Mandi),True
soybean,Madhya Pradesh,2026-01-21,4842.3,690.6,Agmarknet (Indore & Dewas Mandi),True
soybean,Madhya Pradesh,2026-01-22,4841.5,675.7,Agmarknet (Indore & Dewas Mandi),True
soybean,Madhya Pradesh,2026-01-23,4840.8,661.0,Agmarknet (Indore & Dewas Mandi),True
soybean,Madhya Pradesh,2026-01-24,4840.2,646.8,Agmarknet (Indore & Dewas Mandi),True
soybean,Madhya Pradesh,2026-01-26,4839.2,620.0,Agmarknet (Indore & Dewas Mandi),True
soybean,Madhya Pradesh,2026-01-27,4838.8,607.7,Agmarknet (Indore & Dewas Mandi),True
soybean,Madhya Pradesh,2026-01-28,4838.5,596.4,Agmarknet (Indore & Dewas Mandi),True
soybean,Madhya Pradesh,2026-01-29,4838.3,586.0,Agmarknet (Indore & Dewas Mandi),True
soybean,Madhya Pradesh,2026-01-30,4838.2,576.9,Agmarknet (Indore & Dewas Mandi),True
soybean,Madhya Pradesh,2026-01-31,4838.2,568.9,Agmarknet (Indore & Dewas Mandi),True
soybean,Madhya Pradesh,2026-02-02,4838.5,557.1,Agmarknet (Indore & Dewas Mandi),True
soybean,Madhya Pradesh,2026-02-03,4838.8,553.2,Agmarknet (Indore & Dewas Mandi),True
soybean,Madhya Pradesh,2026-02-04,4839.2,550.9,Agmarknet (Indore & Dewas Mandi),True
soybean,Madhya Pradesh,2026-02-05,4839.7,550.0,Agmarknet (Indore & Dewas Mandi),True
soybean,Madhya Pradesh,2026-02-06,4840.3,550.6,Agmarknet (Indore & Dewas Mandi),True
soybean,Madhya Pradesh,2026-02-07,4841.0,552.8,Agmarknet (Indore & Dewas Mandi),True
soybean,Madhya Pradesh,2026-02-09,4842.7,561.4,Agmarknet (Indore & Dewas Mandi),True
soybean,Madhya Pradesh,2026-02-10,4843.7,567.8,Agmarknet (Indore & Dewas Mandi),True
soybean,Madhya Pradesh,2026-02-11,4844.8,575.5,Agmarknet (Indore & Dewas Mandi),True
soybean,Madhya Pradesh,2026-02-12,4845.9,584.5,Agmarknet (Indore & Dewas Mandi),True
soybean,Madhya Pradesh,2026-02-13,4847.2,594.6,Agmarknet (Indore & Dewas Mandi),True
soybean,Madhya Pradesh,2026-02-14,4848.5,605.8,Agmarknet (Indore & Dewas Mandi),True
soybean,Madhya Pradesh,2026-02-16,4851.3,630.9,Agmarknet (Indore & Dewas Mandi),True
soybean,Madhya Pradesh,2026-02-17,4852.8,644.5,Agmarknet (Indore & Dewas Mandi),True
soybean,Madhya Pradesh,2026-02-18,4854.3,658.7,Agmarknet (Indore & Dewas Mandi),True
soybean,Madhya Pradesh,2026-02-19,4855.9,673.3,Agmarknet (Indore & Dewas Mandi),True
soybean,Madhya Pradesh,2026-02-20,4857.5,688.2,Agmarknet (Indore & Dewas Mandi),True
soybean,Madhya Pradesh,2026-02-21,4859.1,703.2,Agmarknet (Indore & Dewas Mandi),True
soybean,Madhya Pradesh,2026-02-23,4862.4,732.9,Agmarknet (Indore & Dewas Mandi),True
soybean,Madhya Pradesh,2026-02-24,4864.1,747.4,Agmarknet (Indore & Dewas Mandi),True
soybean,Madhya Pradesh,2026-02-25,4865.8,761.3,Agmarknet (Indore & Dewas Mandi),True
soybean,Madhya Pradesh,2026-02-26,4867.4,774.7,Agmarknet (Indore & Dewas Mandi),True
soybean,Madhya Pradesh,2026-02-27,4869.1,787.3,Agmarknet (Indore & Dewas Mandi),True
soybean,Madhya Pradesh,2026-02-28,4870.7,799.0,Agmarknet (Indore & Dewas Mandi),True
soybean,Madhya Pradesh,2026-03-02,4873.9,819.5,Agmarknet (Indore & Dewas Mandi),True
soybean,Madhya Pradesh,2026-03-03,4875.4,827.9,Agmarknet (Indore & Dewas Mandi),True
soybean,Madhya Pradesh,2026-03-04,4876.9,835.1,Agmarknet (Indore & Dewas Mandi),True
soybean,Madhya Pradesh,2026-03-05,4878.3,840.9,Agmarknet (Indore & Dewas Mandi),True
soybean,Madhya Pradesh,2026-03-06,4879.7,845.4,Agmarknet (Indore & Dewas Mandi),True
soybean,Madhya Pradesh,2026-03-07,4881.0,848.3,Agmarknet (Indore & Dewas Mandi),True
soybean,Madhya Pradesh,2026-03-09,4883.3,849.8,Agmarknet (Indore & Dewas Mandi),True
soybean,Madhya Pradesh,2026-03-10,4884.4,848.3,Agmarknet (Indore & Dewas Mandi),True
soybean,Madhya Pradesh,2026-03-11,4885.4,845.3,Agmarknet (Indore & Dewas Mandi),True
soybean,Madhya Pradesh,2026-03-12,4886.2,840.9,Agmarknet (Indore & Dewas Mandi),True
soybean,Madhya Pradesh,2026-03-13,4887.0,835.0,Agmarknet (Indore & Dewas Mandi),True
soybean,Madhya Pradesh,2026-03-14,4887.7,827.8,Agmarknet (Indore & Dewas Mandi),True
soybean,Madhya Pradesh,2026-03-16,4888.8,809.7,Agmarknet (Indore & Dewas Mandi),True
soybean,Madhya Pradesh,2026-03-17,4889.2,798.9,Agmarknet (Indore & Dewas Mandi),True
soybean,Madhya Pradesh,2026-03-18,4889.5,787.2,Agmarknet (Indore & Dewas Mandi),True
soybean,Madhya Pradesh,2026-03-19,4889.7,774.6,Agmarknet (Indore & Dewas Mandi),True
soybean,Madhya Pradesh,2026-03-20,4889.8,761.2,Agmarknet (Indore & Dewas Mandi),True
soybean,Madhya Pradesh,2026-03-21,4889.8,747.2,Agmarknet (Indore & Dewas Mandi),True
soybean,Madhya Pradesh,2026-03-23,4889.4,718.0,Agmarknet (Indore & Dewas Mandi),True
soybean,Madhya Pradesh,2026-03-24,4889.1,703.1,Agmarknet (Indore & Dewas Mandi),True
soybean,Madhya Pradesh,2026-03-25,4888.7,688.1,Agmarknet (Indore & Dewas Mandi),True
soybean,Madhya Pradesh,2026-03-26,4888.3,673.2,Agmarknet (Indore & Dewas Mandi),True
soybean,Madhya Pradesh,2026-03-27,4887.7,658.6,Agmarknet (Indore & Dewas Mandi),True
soybean,Madhya Pradesh,2026-03-28,4887.0,644.4,Agmarknet (Indore & Dewas Mandi),True
soybean,Madhya Pradesh,2026-03-30,4885.5,617.8,Agmarknet (Indore & Dewas Mandi),True
soybean,Madhya Pradesh,2026-03-31,5072.7,354.6,Agmarknet (Indore & Dewas Mandi),True
soybean,Madhya Pradesh,2026-04-01,5073.0,357.4,Agmarknet (Indore & Dewas Mandi),True
soybean,Madhya Pradesh,2026-04-02,5073.2,360.9,Agmarknet (Indore & Dewas Mandi),True
soybean,Madhya Pradesh,2026-04-03,5073.2,365.0,Agmarknet (Indore & Dewas Mandi),True
soybean,Madhya Pradesh,2026-04-04,5073.0,369.7,Agmarknet (Indore & Dewas Mandi),True
soybean,Madhya Pradesh,2026-04-06,5072.1,380.7,Agmarknet (Indore & Dewas Mandi),True
soybean,Madhya Pradesh,2026-04-07,5071.4,386.9,Agmarknet (Indore & Dewas Mandi),True
soybean,Madhya Pradesh,2026-04-08,5070.5,393.6,Agmarknet (Indore & Dewas Mandi),True
soybean,Madhya Pradesh,2026-04-09,5069.5,400.6,Agmarknet (Indore & Dewas Mandi),True
soybean,Madhya Pradesh,2026-04-10,5068.3,408.1,Agmarknet (Indore & Dewas Mandi),True
soybean,Madhya Pradesh,2026-04-11,5067.0,415.8,Agmarknet (Indore & Dewas Mandi),True
soybean,Madhya Pradesh,2026-04-13,5064.0,431.8,Agmarknet (Indore & Dewas Mandi),True
soybean,Madhya Pradesh,2026-04-14,5062.3,440.1,Agmarknet (Indore & Dewas Mandi),True
soybean,Madhya Pradesh,2026-04-15,5060.4,448.4,Agmarknet (Indore & Dewas Mandi),True
soybean,Madhya Pradesh,2026-04-16,5058.5,456.7,Agmarknet (Indore & Dewas Mandi),True
soybean,Madhya Pradesh,2026-04-17,5056.5,465.0,Agmarknet (Indore & Dewas Mandi),True
soybean,Madhya Pradesh,2026-04-18,5054.3,473.2,Agmarknet (Indore & Dewas Mandi),True
soybean,Madhya Pradesh,2026-04-20,5049.9,489.0,Agmarknet (Indore & Dewas Mandi),True
soybean,Madhya Pradesh,2026-04-21,5047.6,496.5,Agmarknet (Indore & Dewas Mandi),True
soybean,Madhya Pradesh,2026-04-22,5045.2,503.7,Agmarknet (Indore & Dewas Mandi),True
soybean,Madhya Pradesh,2026-04-23,5042.8,510.6,Agmarknet (Indore & Dewas Mandi),True
soybean,Madhya Pradesh,2026-04-24,5040.4,517.0,Agmarknet (Indore & Dewas Mandi),True
soybean,Madhya Pradesh,2026-04-25,5038.0,522.9,Agmarknet (Indore & Dewas Mandi),True
soybean,Madhya Pradesh,2026-04-27,5033.2,533.3,Agmarknet (Indore & Dewas Mandi),True
soybean,Madhya Pradesh,2026-04-28,5030.8,537.6,Agmarknet (Indore & Dewas Mandi),True
soybean,Madhya Pradesh,2026-04-29,5028.5,541.3,Agmarknet (Indore & Dewas Mandi),True
soybean,Madhya Pradesh,2026-04-30,5026.2,544.4,Agmarknet (Indore & Dewas Mandi),True
soybean,Madhya Pradesh,2026-05-01,5024.0,546.8,Agmarknet (Indore & Dewas Mandi),True
soybean,Madhya Pradesh,2026-05-02,5021.9,548.6,Agmarknet (Indore & Dewas Mandi),True
soybean,Madhya Pradesh,2026-05-04,5017.8,550.0,Agmarknet (Indore & Dewas Mandi),True
soybean,Madhya Pradesh,2026-05-05,5016.0,549.7,Agmarknet (Indore & Dewas Mandi),True
soybean,Madhya Pradesh,2026-05-06,5014.2,548.7,Agmarknet (Indore & Dewas Mandi),True
soybean,Madhya Pradesh,2026-05-07,5012.6,547.0,Agmarknet (Indore & Dewas Mandi),True
soybean,Madhya Pradesh,2026-05-08,5011.1,544.6,Agmarknet (Indore & Dewas Mandi),True
soybean,Madhya Pradesh,2026-05-09,5009.8,541.6,Agmarknet (Indore & Dewas Mandi),True
soybean,Madhya Pradesh,2026-05-11,5007.5,533.7,Agmarknet (Indore & Dewas Mandi),True
soybean,Madhya Pradesh,2026-05-12,5006.6,528.8,Agmarknet (Indore & Dewas Mandi),True
soybean,Madhya Pradesh,2026-05-13,5005.9,523.4,Agmarknet (Indore & Dewas Mandi),True
soybean,Madhya Pradesh,2026-05-14,5005.3,517.5,Agmarknet (Indore & Dewas Mandi),True
soybean,Madhya Pradesh,2026-05-15,5004.9,511.1,Agmarknet (Indore & Dewas Mandi),True
soybean,Madhya Pradesh,2026-05-16,5004.7,504.3,Agmarknet (Indore & Dewas Mandi),True
soybean,Madhya Pradesh,2026-05-18,5004.8,489.7,Agmarknet (Indore & Dewas Mandi),True
soybean,Madhya Pradesh,2026-05-19,5005.1,481.9,Agmarknet (Indore & Dewas Mandi),True
soybean,Madhya Pradesh,2026-05-20,5005.5,473.9,Agmarknet (Indore & Dewas Mandi),True
soybean,Madhya Pradesh,2026-05-21,5006.2,465.7,Agmarknet (Indore & Dewas Mandi),True
soybean,Madhya Pradesh,2026-05-22,5007.0,457.4,Agmarknet (Indore & Dewas Mandi),True
soybean,Madhya Pradesh,2026-05-23,5008.0,449.1,Agmarknet (Indore & Dewas Mandi),True
soybean,Madhya Pradesh,2026-05-25,5010.6,432.5,Agmarknet (Indore & Dewas Mandi),True
soybean,Madhya Pradesh,2026-05-26,5012.1,424.4,Agmarknet (Indore & Dewas Mandi),True
soybean,Madhya Pradesh,2026-05-27,5013.7,416.4,Agmarknet (Indore & Dewas Mandi),True
soybean,Madhya Pradesh,2026-05-28,5015.5,408.7,Agmarknet (Indore & Dewas Mandi),True
soybean,Madhya Pradesh,2026-05-29,5017.5,401.3,Agmarknet (Indore & Dewas Mandi),True
soybean,Madhya Pradesh,2026-05-30,5019.5,394.2,Agmarknet (Indore & Dewas Mandi),True
soybean,Madhya Pradesh,2026-06-01,5024.1,381.2,Agmarknet (Indore & Dewas Mandi),True
soybean,Madhya Pradesh,2026-06-02,5026.5,375.4,Agmarknet (Indore & Dewas Mandi),True
soybean,Madhya Pradesh,2026-06-03,5029.0,370.1,Agmarknet (Indore & Dewas Mandi),True
soybean,Madhya Pradesh,2026-06-04,5031.6,365.4,Agmarknet (Indore & Dewas Mandi),True
soybean,Madhya Pradesh,2026-06-05,5034.3,361.2,Agmarknet (Indore & Dewas Mandi),True
soybean,Madhya Pradesh,2026-06-06,5037.1,357.7,Agmarknet (Indore & Dewas Mandi),True
soybean,Madhya Pradesh,2026-06-08,5042.7,352.6,Agmarknet (Indore & Dewas Mandi),True
soybean,Madhya Pradesh,2026-06-09,5045.6,351.1,Agmarknet (Indore & Dewas Mandi),True
soybean,Madhya Pradesh,2026-06-10,5048.5,350.2,Agmarknet (Indore & Dewas Mandi),True
soybean,Madhya Pradesh,2026-06-11,5051.4,350.0,Agmarknet (Indore & Dewas Mandi),True
soybean,Madhya Pradesh,2026-06-12,5054.3,350.5,Agmarknet (Indore & Dewas Mandi),True
soybean,Madhya Pradesh,2026-06-13,5057.2,351.8,Agmarknet (Indore & Dewas Mandi),True
soybean,Madhya Pradesh,2026-06-15,5062.9,356.2,Agmarknet (Indore & Dewas Mandi),True
soybean,Madhya Pradesh,2026-06-16,5065.7,359.4,Agmarknet (Indore & Dewas Mandi),True
soybean,Madhya Pradesh,2026-06-17,5068.5,363.3,Agmarknet (Indore & Dewas Mandi),True
soybean,Madhya Pradesh,2026-06-18,5071.1,367.7,Agmarknet (Indore & Dewas Mandi),True
soybean,Madhya Pradesh,2026-06-19,5073.7,372.8,Agmarknet (Indore & Dewas Mandi),True
soybean,Madhya Pradesh,2026-06-20,5076.1,378.3,Agmarknet (Indore & Dewas Mandi),True
soybean,Madhya Pradesh,2026-06-22,5080.8,390.9,Agmarknet (Indore & Dewas Mandi),True
soybean,Madhya Pradesh,2026-06-23,5082.9,397.8,Agmarknet (Indore & Dewas Mandi),True
soybean,Madhya Pradesh,2026-06-24,5084.9,405.1,Agmarknet (Indore & Dewas Mandi),True
soybean,Madhya Pradesh,2026-06-25,5086.8,412.7,Agmarknet (Indore & Dewas Mandi),True
soybean,Madhya Pradesh,2026-06-26,5088.5,420.5,Agmarknet (Indore & Dewas Mandi),True
soybean,Madhya Pradesh,2026-06-27,5090.1,428.6,Agmarknet (Indore & Dewas Mandi),True
soybean,Madhya Pradesh,2026-06-29,5092.8,445.1,Agmarknet (Indore & Dewas Mandi),True
soybean,Madhya Pradesh,2026-06-30,5093.9,453.4,Agmarknet (Indore & Dewas Mandi),True
soybean,Madhya Pradesh,2026-07-01,5094.8,461.7,Agmarknet (Indore & Dewas Mandi),True
soybean,Madhya Pradesh,2026-07-02,5095.5,469.9,Agmarknet (Indore & Dewas Mandi),True
soybean,Madhya Pradesh,2026-07-03,5096.1,478.0,Agmarknet (Indore & Dewas Mandi),True
soybean,Madhya Pradesh,2026-07-04,5096.5,485.9,Agmarknet (Indore & Dewas Mandi),True
soybean,Madhya Pradesh,2026-07-06,5096.7,500.9,Agmarknet (Indore & Dewas Mandi),True
soybean,Madhya Pradesh,2026-07-07,5096.6,507.9,Agmarknet (Indore & Dewas Mandi),True
soybean,Madhya Pradesh,2026-07-08,5096.3,514.5,Agmarknet (Indore & Dewas Mandi),True
soybean,Madhya Pradesh,2026-07-09,5095.8,520.6,Agmarknet (Indore & Dewas Mandi),True
soybean,Madhya Pradesh,2026-07-10,5095.2,526.3,Agmarknet (Indore & Dewas Mandi),True
soybean,Madhya Pradesh,2026-07-11,5094.3,531.4,Agmarknet (Indore & Dewas Mandi),True
soybean,Madhya Pradesh,2026-07-13,5092.2,539.9,Agmarknet (Indore & Dewas Mandi),True
soybean,Madhya Pradesh,2026-07-14,5090.9,543.2,Agmarknet (Indore & Dewas Mandi),True
soybean,Madhya Pradesh,2026-07-15,5089.5,545.9,Agmarknet (Indore & Dewas Mandi),True
soybean,Madhya Pradesh,2026-07-16,5087.9,547.9,Agmarknet (Indore & Dewas Mandi),True
soybean,Madhya Pradesh,2026-07-17,5086.3,549.3,Agmarknet (Indore & Dewas Mandi),True
soybean,Madhya Pradesh,2026-07-18,5084.5,549.9,Agmarknet (Indore & Dewas Mandi),True
soybean,Madhya Pradesh,2026-07-20,5080.5,549.2,Agmarknet (Indore & Dewas Mandi),True
soybean,Madhya Pradesh,2026-07-21,5078.4,547.7,Agmarknet (Indore & Dewas Mandi),True
soybean,Madhya Pradesh,2026-07-22,5076.3,545.6,Agmarknet (Indore & Dewas Mandi),True
soybean,Madhya Pradesh,2026-07-23,5074.0,542.9,Agmarknet (Indore & Dewas Mandi),True
soybean,Madhya Pradesh,2026-07-24,5071.7,539.5,Agmarknet (Indore & Dewas Mandi),True
soybean,Madhya Pradesh,2026-07-25,5069.3,535.4,Agmarknet (Indore & Dewas Mandi),True
soybean,Madhya Pradesh,2026-07-27,5064.6,525.6,Agmarknet (Indore & Dewas Mandi),True
soybean,Madhya Pradesh,2026-07-28,5062.1,519.9,Agmarknet (Indore & Dewas Mandi),True
soybean,Madhya Pradesh,2026-07-29,5059.7,513.7,Agmarknet (Indore & Dewas Mandi),True
soybean,Madhya Pradesh,2026-07-30,4883.2,668.3,Agmarknet (Indore & Dewas Mandi),True
soybean,Madhya Pradesh,2026-07-31,4883.7,653.8,Agmarknet (Indore & Dewas Mandi),True
soybean,Madhya Pradesh,2026-08-01,4884.4,639.8,Agmarknet (Indore & Dewas Mandi),True
soybean,Madhya Pradesh,2026-08-03,4885.9,613.7,Agmarknet (Indore & Dewas Mandi),True
soybean,Madhya Pradesh,2026-08-04,4886.8,601.9,Agmarknet (Indore & Dewas Mandi),True
soybean,Madhya Pradesh,2026-08-05,4887.8,591.0,Agmarknet (Indore & Dewas Mandi),True
soybean,Madhya Pradesh,2026-08-06,4888.9,581.3,Agmarknet (Indore & Dewas Mandi),True
soybean,Madhya Pradesh,2026-08-07,4890.0,572.7,Agmarknet (Indore & Dewas Mandi),True
soybean,Madhya Pradesh,2026-08-08,4891.2,565.4,Agmarknet (Indore & Dewas Mandi),True
soybean,Madhya Pradesh,2026-08-10,4893.9,554.9,Agmarknet (Indore & Dewas Mandi),True
soybean,Madhya Pradesh,2026-08-11,4895.4,551.9,Agmarknet (Indore & Dewas Mandi),True
soybean,Madhya Pradesh,2026-08-12,4896.8,550.2,Agmarknet (Indore & Dewas Mandi),True
soybean,Madhya Pradesh,2026-08-13,4898.4,550.1,Agmarknet (Indore & Dewas Mandi),True
soybean,Madhya Pradesh,2026-08-14,4899.9,551.5,Agmarknet (Indore & Dewas Mandi),True
soybean,Madhya Pradesh,2026-08-15,4901.6,554.4,Agmarknet (Indore & Dewas Mandi),True
soybean,Madhya Pradesh,2026-08-17,4904.9,564.4,Agmarknet (Indore & Dewas Mandi),True
soybean,Madhya Pradesh,2026-08-18,4906.5,571.5,Agmarknet (Indore & Dewas Mandi),True
soybean,Madhya Pradesh,2026-08-19,4908.2,579.9,Agmarknet (Indore & Dewas Mandi),True
soybean,Madhya Pradesh,2026-08-20,4909.9,589.5,Agmarknet (Indore & Dewas Mandi),True
soybean,Madhya Pradesh,2026-08-21,4911.5,600.2,Agmarknet (Indore & Dewas Mandi),True
soybean,Madhya Pradesh,2026-08-22,4913.2,611.8,Agmarknet (Indore & Dewas Mandi),True
soybean,Madhya Pradesh,2026-08-24,4916.4,637.7,Agmarknet (Indore & Dewas Mandi),True
soybean,Madhya Pradesh,2026-08-25,4918.0,651.6,Agmarknet (Indore & Dewas Mandi),True
soybean,Madhya Pradesh,2026-08-26,4919.5,666.0,Agmarknet (Indore & Dewas Mandi),True
soybean,Madhya Pradesh,2026-08-27,4921.0,680.8,Agmarknet (Indore & Dewas Mandi),True
soybean,Madhya Pradesh,2026-08-28,4922.4,695.8,Agmarknet (Indore & Dewas Mandi),True
soybean,Madhya Pradesh,2026-08-29,4923.8,710.7,Agmarknet (Indore & Dewas Mandi),True
soybean,Madhya Pradesh,2026-08-31,4926.3,740.3,Agmarknet (Indore & Dewas Mandi),True
wheat,Madhya Pradesh,2025-09-01,2390.0,1200.0,Agmarknet (Sehore & Bhopal Mandi),True
wheat,Madhya Pradesh,2025-09-02,2390.2,1222.7,Agmarknet (Sehore & Bhopal Mandi),True
wheat,Madhya Pradesh,2025-09-03,2390.3,1245.2,Agmarknet (Sehore & Bhopal Mandi),True
wheat,Madhya Pradesh,2025-09-04,2390.3,1267.3,Agmarknet (Sehore & Bhopal Mandi),True
wheat,Madhya Pradesh,2025-09-05,2390.4,1288.9,Agmarknet (Sehore & Bhopal Mandi),True
wheat,Madhya Pradesh,2025-09-06,2390.3,1309.8,Agmarknet (Sehore & Bhopal Mandi),True
wheat,Madhya Pradesh,2025-09-08,2512.1,953.0,Agmarknet (Sehore & Bhopal Mandi),True
wheat,Madhya Pradesh,2025-09-09,2511.1,939.3,Agmarknet (Sehore & Bhopal Mandi),True
wheat,Madhya Pradesh,2025-09-10,2509.9,924.3,Agmarknet (Sehore & Bhopal Mandi),True
wheat,Madhya Pradesh,2025-09-11,2508.6,908.1,Agmarknet (Sehore & Bhopal Mandi),True
wheat,Madhya Pradesh,2025-09-12,2507.2,890.7,Agmarknet (Sehore & Bhopal Mandi),True
wheat,Madhya Pradesh,2025-09-13,2505.7,872.5,Agmarknet (Sehore & Bhopal Mandi),True
wheat,Madhya Pradesh,2025-09-15,2502.4,834.0,Agmarknet (Sehore & Bhopal Mandi),True
wheat,Madhya Pradesh,2025-09-16,2500.6,814.1,Agmarknet (Sehore & Bhopal Mandi),True
wheat,Madhya Pradesh,2025-09-17,2498.8,794.2,Agmarknet (Sehore & Bhopal Mandi),True
wheat,Madhya Pradesh,2025-09-18,2496.9,774.2,Agmarknet (Sehore & Bhopal Mandi),True
wheat,Madhya Pradesh,2025-09-19,2495.0,754.6,Agmarknet (Sehore & Bhopal Mandi),True
wheat,Madhya Pradesh,2025-09-20,2493.1,735.3,Agmarknet (Sehore & Bhopal Mandi),True
wheat,Madhya Pradesh,2025-09-22,2489.3,699.0,Agmarknet (Sehore & Bhopal Mandi),True
wheat,Madhya Pradesh,2025-09-23,2487.5,682.3,Agmarknet (Sehore & Bhopal Mandi),True
wheat,Madhya Pradesh,2025-09-24,2485.7,666.7,Agmarknet (Sehore & Bhopal Mandi),True
wheat,Madhya Pradesh,2025-09-25,2483.9,652.5,Agmarknet (Sehore & Bhopal Mandi),True
wheat,Madhya Pradesh,2025-09-26,2482.2,639.8,Agmarknet (Sehore & Bhopal Mandi),True
wheat,Madhya Pradesh,2025-09-27,2480.6,628.6,Agmarknet (Sehore & Bhopal Mandi),True
wheat,Madhya Pradesh,2025-09-29,2477.8,611.6,Agmarknet (Sehore & Bhopal Mandi),True
wheat,Madhya Pradesh,2025-09-30,2476.5,605.8,Agmarknet (Sehore & Bhopal Mandi),True
wheat,Madhya Pradesh,2025-10-01,2475.4,602.0,Agmarknet (Sehore & Bhopal Mandi),True
wheat,Madhya Pradesh,2025-10-02,2474.4,600.2,Agmarknet (Sehore & Bhopal Mandi),True
wheat,Madhya Pradesh,2025-10-03,2473.5,600.3,Agmarknet (Sehore & Bhopal Mandi),True
wheat,Madhya Pradesh,2025-10-04,2472.8,602.5,Agmarknet (Sehore & Bhopal Mandi),True
wheat,Madhya Pradesh,2025-10-06,2471.9,612.7,Agmarknet (Sehore & Bhopal Mandi),True
wheat,Madhya Pradesh,2025-10-07,2471.7,620.6,Agmarknet (Sehore & Bhopal Mandi),True
wheat,Madhya Pradesh,2025-10-08,2471.7,630.4,Agmarknet (Sehore & Bhopal Mandi),True
wheat,Madhya Pradesh,2025-10-09,2471.8,641.8,Agmarknet (Sehore & Bhopal Mandi),True
wheat,Madhya Pradesh,2025-10-10,2472.2,654.8,Agmarknet (Sehore & Bhopal Mandi),True
wheat,Madhya Pradesh,2025-10-11,2472.7,669.3,Agmarknet (Sehore & Bhopal Mandi),True
wheat,Madhya Pradesh,2025-10-13,2474.1,701.9,Agmarknet (Sehore & Bhopal Mandi),True
wheat,Madhya Pradesh,2025-10-14,2475.1,719.8,Agmarknet (Sehore & Bhopal Mandi),True
wheat,Madhya Pradesh,2025-10-15,2476.3,738.5,Agmarknet (Sehore & Bhopal Mandi),True
wheat,Madhya Pradesh,2025-10-16,2477.6,757.8,Agmarknet (Sehore & Bhopal Mandi),True
wheat,Madhya Pradesh,2025-10-17,2479.0,777.6,Agmarknet (Sehore & Bhopal Mandi),True
wheat,Madhya Pradesh,2025-10-18,2480.6,797.5,Agmarknet (Sehore & Bhopal Mandi),True
wheat,Madhya Pradesh,2025-10-20,2484.1,837.3,Agmarknet (Sehore & Bhopal Mandi),True
wheat,Madhya Pradesh,2025-10-21,2486.0,856.7,Agmarknet (Sehore & Bhopal Mandi),True
wheat,Madhya Pradesh,2025-10-22,2488.0,875.6,Agmarknet (Sehore & Bhopal Mandi),True
wheat,Madhya Pradesh,2025-10-23,2490.1,893.7,Agmarknet (Sehore & Bhopal Mandi),True
wheat,Madhya Pradesh,2025-10-24,2492.3,910.9,Agmarknet (Sehore & Bhopal Mandi),True
wheat,Madhya Pradesh,2025-10-25,2494.5,926.9,Agmarknet (Sehore & Bhopal Mandi),True
wheat,Madhya Pradesh,2025-10-27,2498.9,955.1,Agmarknet (Sehore & Bhopal Mandi),True
wheat,Madhya Pradesh,2025-10-28,2501.2,966.9,Agmarknet (Sehore & Bhopal Mandi),True
wheat,Madhya Pradesh,2025-10-29,2503.5,977.1,Agmarknet (Sehore & Bhopal Mandi),True
wheat,Madhya Pradesh,2025-10-30,2505.7,985.5,Agmarknet (Sehore & Bhopal Mandi),True
wheat,Madhya Pradesh,2025-10-31,2507.9,992.0,Agmarknet (Sehore & Bhopal Mandi),True
wheat,Madhya Pradesh,2025-11-01,2510.0,996.7,Agmarknet (Sehore & Bhopal Mandi),True
wheat,Madhya Pradesh,2025-11-03,2514.1,1000.0,Agmarknet (Sehore & Bhopal Mandi),True
wheat,Madhya Pradesh,2025-11-04,2516.1,998.6,Agmarknet (Sehore & Bhopal Mandi),True
wheat,Madhya Pradesh,2025-11-05,2517.9,995.3,Agmarknet (Sehore & Bhopal Mandi),True
wheat,Madhya Pradesh,2025-11-06,2519.6,990.0,Agmarknet (Sehore & Bhopal Mandi),True
wheat,Madhya Pradesh,2025-11-07,2521.2,982.9,Agmarknet (Sehore & Bhopal Mandi),True
wheat,Madhya Pradesh,2025-11-08,2522.6,973.9,Agmarknet (Sehore & Bhopal Mandi),True
wheat,Madhya Pradesh,2025-11-10,2525.1,950.8,Agmarknet (Sehore & Bhopal Mandi),True
wheat,Madhya Pradesh,2025-11-11,2526.1,936.9,Agmarknet (Sehore & Bhopal Mandi),True
wheat,Madhya Pradesh,2025-11-12,2527.0,921.7,Agmarknet (Sehore & Bhopal Mandi),True
wheat,Madhya Pradesh,2025-11-13,2527.6,905.2,Agmarknet (Sehore & Bhopal Mandi),True
wheat,Madhya Pradesh,2025-11-14,2528.2,887.7,Agmarknet (Sehore & Bhopal Mandi),True
wheat,Madhya Pradesh,2025-11-15,2528.5,869.3,Agmarknet (Sehore & Bhopal Mandi),True
wheat,Madhya Pradesh,2025-11-17,2528.6,830.7,Agmarknet (Sehore & Bhopal Mandi),True
wheat,Madhya Pradesh,2025-11-18,2528.5,810.8,Agmarknet (Sehore & Bhopal Mandi),True
wheat,Madhya Pradesh,2025-11-19,2528.1,790.8,Agmarknet (Sehore & Bhopal Mandi),True
wheat,Madhya Pradesh,2025-11-20,2527.6,770.9,Agmarknet (Sehore & Bhopal Mandi),True
wheat,Madhya Pradesh,2025-11-21,2526.9,751.3,Agmarknet (Sehore & Bhopal Mandi),True
wheat,Madhya Pradesh,2025-11-22,2526.1,732.2,Agmarknet (Sehore & Bhopal Mandi),True
wheat,Madhya Pradesh,2025-11-24,2524.0,696.1,Agmarknet (Sehore & Bhopal Mandi),True
wheat,Madhya Pradesh,2025-11-25,2522.7,679.6,Agmarknet (Sehore & Bhopal Mandi),True
wheat,Madhya Pradesh,2025-11-26,2521.3,664.3,Agmarknet (Sehore & Bhopal Mandi),True
wheat,Madhya Pradesh,2025-11-27,2519.9,650.3,Agmarknet (Sehore & Bhopal Mandi),True
wheat,Madhya Pradesh,2025-11-28,2518.3,637.8,Agmarknet (Sehore & Bhopal Mandi),True
wheat,Madhya Pradesh,2025-11-29,2516.6,626.9,Agmarknet (Sehore & Bhopal Mandi),True
wheat,Madhya Pradesh,2025-12-01,2513.1,610.5,Agmarknet (Sehore & Bhopal Mandi),True
wheat,Madhya Pradesh,2025-12-02,2511.2,605.0,Agmarknet (Sehore & Bhopal Mandi),True
wheat,Madhya Pradesh,2025-12-03,2509.3,601.6,Agmarknet (Sehore & Bhopal Mandi),True
wheat,Madhya Pradesh,2025-12-04,2507.4,600.1,Agmarknet (Sehore & Bhopal Mandi),True
wheat,Madhya Pradesh,2025-12-05,2505.5,600.6,Agmarknet (Sehore & Bhopal Mandi),True
wheat,Madhya Pradesh,2025-12-06,2503.6,603.1,Agmarknet (Sehore & Bhopal Mandi),True
wheat,Madhya Pradesh,2025-12-08,2499.9,613.9,Agmarknet (Sehore & Bhopal Mandi),True
wheat,Madhya Pradesh,2025-12-09,2498.2,622.2,Agmarknet (Sehore & Bhopal Mandi),True
wheat,Madhya Pradesh,2025-12-10,2496.5,632.2,Agmarknet (Sehore & Bhopal Mandi),True
wheat,Madhya Pradesh,2025-12-11,2494.8,643.9,Agmarknet (Sehore & Bhopal Mandi),True
wheat,Madhya Pradesh,2025-12-12,2493.3,657.1,Agmarknet (Sehore & Bhopal Mandi),True
wheat,Madhya Pradesh,2025-12-13,2491.9,671.8,Agmarknet (Sehore & Bhopal Mandi),True
wheat,Madhya Pradesh,2025-12-15,2489.4,704.9,Agmarknet (Sehore & Bhopal Mandi),True
wheat,Madhya Pradesh,2025-12-16,2488.3,722.9,Agmarknet (Sehore & Bhopal Mandi),True
wheat,Madhya Pradesh,2025-12-17,2487.4,741.7,Agmarknet (Sehore & Bhopal Mandi),True
wheat,Madhya Pradesh,2025-12-18,2486.7,761.1,Agmarknet (Sehore & Bhopal Mandi),True
wheat,Madhya Pradesh,2025-12-19,2486.1,780.9,Agmarknet (Sehore & Bhopal Mandi),True
wheat,Madhya Pradesh,2025-12-20,2485.6,800.9,Agmarknet (Sehore & Bhopal Mandi),True
wheat,Madhya Pradesh,2025-12-22,2485.3,840.6,Agmarknet (Sehore & Bhopal Mandi),True
wheat,Madhya Pradesh,2025-12-23,2485.3,859.9,Agmarknet (Sehore & Bhopal Mandi),True
wheat,Madhya Pradesh,2025-12-24,2485.6,878.7,Agmarknet (Sehore & Bhopal Mandi),True
wheat,Madhya Pradesh,2025-12-25,2486.0,896.7,Agmarknet (Sehore & Bhopal Mandi),True
wheat,Madhya Pradesh,2025-12-26,2486.6,913.7,Agmarknet (Sehore & Bhopal Mandi),True
wheat,Madhya Pradesh,2025-12-27,2487.4,929.5,Agmarknet (Sehore & Bhopal Mandi),True
wheat,Madhya Pradesh,2025-12-29,2489.4,957.2,Agmarknet (Sehore & Bhopal Mandi),True
wheat,Madhya Pradesh,2025-12-30,2490.6,968.8,Agmarknet (Sehore & Bhopal Mandi),True
wheat,Madhya Pradesh,2025-12-31,2492.0,978.6,Agmarknet (Sehore & Bhopal Mandi),True
wheat,Madhya Pradesh,2026-01-01,2493.5,986.7,Agmarknet (Sehore & Bhopal Mandi),True
wheat,Madhya Pradesh,2026-01-02,2495.2,992.9,Agmarknet (Sehore & Bhopal Mandi),True
wheat,Madhya Pradesh,2026-01-03,2496.9,997.2,Agmarknet (Sehore & Bhopal Mandi),True
wheat,Madhya Pradesh,2026-01-05,2500.8,999.9,Agmarknet (Sehore & Bhopal Mandi),True
wheat,Madhya Pradesh,2026-01-06,2502.8,998.2,Agmarknet (Sehore & Bhopal Mandi),True
wheat,Madhya Pradesh,2026-01-07,2505.0,994.6,Agmarknet (Sehore & Bhopal Mandi),True
wheat,Madhya Pradesh,2026-01-08,2507.1,989.0,Agmarknet (Sehore & Bhopal Mandi),True
wheat,Madhya Pradesh,2026-01-09,2509.4,981.5,Agmarknet (Sehore & Bhopal Mandi),True
wheat,Madhya Pradesh,2026-01-10,2511.6,972.2,Agmarknet (Sehore & Bhopal Mandi),True
wheat,Madhya Pradesh,2026-01-12,2516.1,948.5,Agmarknet (Sehore & Bhopal Mandi),True
wheat,Madhya Pradesh,2026-01-13,2518.4,934.4,Agmarknet (Sehore & Bhopal Mandi),True
wheat,Madhya Pradesh,2026-01-14,2520.6,919.0,Agmarknet (Sehore & Bhopal Mandi),True
wheat,Madhya Pradesh,2026-01-15,2522.8,902.3,Agmarknet (Sehore & Bhopal Mandi),True
wheat,Madhya Pradesh,2026-01-16,2524.9,884.7,Agmarknet (Sehore & Bhopal Mandi),True
wheat,Madhya Pradesh,2026-01-17,2526.9,866.2,Agmarknet (Sehore & Bhopal Mandi),True
wheat,Madhya Pradesh,2026-01-19,2530.7,827.3,Agmarknet (Sehore & Bhopal Mandi),True
wheat,Madhya Pradesh,2026-01-20,2532.5,807.4,Agmarknet (Sehore & Bhopal Mandi),True
wheat,Madhya Pradesh,2026-01-21,2534.1,787.4,Agmarknet (Sehore & Bhopal Mandi),True
wheat,Madhya Pradesh,2026-01-22,2535.6,767.6,Agmarknet (Sehore & Bhopal Mandi),True
wheat,Madhya Pradesh,2026-01-23,2537.0,748.0,Agmarknet (Sehore & Bhopal Mandi),True
wheat,Madhya Pradesh,2026-01-24,2538.2,729.0,Agmarknet (Sehore & Bhopal Mandi),True
wheat,Madhya Pradesh,2026-01-26,2540.2,693.3,Agmarknet (Sehore & Bhopal Mandi),True
wheat,Madhya Pradesh,2026-01-27,2541.0,676.9,Agmarknet (Sehore & Bhopal Mandi),True
wheat,Madhya Pradesh,2026-01-28,2541.5,661.8,Agmarknet (Sehore & Bhopal Mandi),True
wheat,Madhya Pradesh,2026-01-29,2541.9,648.1,Agmarknet (Sehore & Bhopal Mandi),True
wheat,Madhya Pradesh,2026-01-30,2542.2,635.8,Agmarknet (Sehore & Bhopal Mandi),True
wheat,Madhya Pradesh,2026-01-31,2542.2,625.3,Agmarknet (Sehore & Bhopal Mandi),True
wheat,Madhya Pradesh,2026-02-02,2541.8,609.4,Agmarknet (Sehore & Bhopal Mandi),True
wheat,Madhya Pradesh,2026-02-03,2541.4,604.3,Agmarknet (Sehore & Bhopal Mandi),True
wheat,Madhya Pradesh,2026-02-04,2540.8,601.2,Agmarknet (Sehore & Bhopal Mandi),True
wheat,Madhya Pradesh,2026-02-05,2540.0,600.0,Agmarknet (Sehore & Bhopal Mandi),True
wheat,Madhya Pradesh,2026-02-06,2539.1,600.8,Agmarknet (Sehore & Bhopal Mandi),True
wheat,Madhya Pradesh,2026-02-07,2538.0,603.7,Agmarknet (Sehore & Bhopal Mandi),True
wheat,Madhya Pradesh,2026-02-09,2535.5,615.2,Agmarknet (Sehore & Bhopal Mandi),True
wheat,Madhya Pradesh,2026-02-10,2534.0,623.7,Agmarknet (Sehore & Bhopal Mandi),True
wheat,Madhya Pradesh,2026-02-11,2532.5,634.0,Agmarknet (Sehore & Bhopal Mandi),True
wheat,Madhya Pradesh,2026-02-12,2530.9,646.0,Agmarknet (Sehore & Bhopal Mandi),True
wheat,Madhya Pradesh,2026-02-13,2529.1,659.5,Agmarknet (Sehore & Bhopal Mandi),True
wheat,Madhya Pradesh,2026-02-14,2527.4,674.4,Agmarknet (Sehore & Bhopal Mandi),True
wheat,Madhya Pradesh,2026-02-16,2523.7,707.9,Agmarknet (Sehore & Bhopal Mandi),True
wheat,Madhya Pradesh,2026-02-17,2521.8,726.0,Agmarknet (Sehore & Bhopal Mandi),True
wheat,Madhya Pradesh,2026-02-18,2519.9,745.0,Agmarknet (Sehore & Bhopal Mandi),True
wheat,Madhya Pradesh,2026-02-19,2414.7,1240.4,Agmarknet (Sehore & Bhopal Mandi),True
wheat,Madhya Pradesh,2026-02-20,2415.5,1217.9,Agmarknet (Sehore & Bhopal Mandi),True
wheat,Madhya Pradesh,2026-02-21,2416.3,1195.2,Agmarknet (Sehore & Bhopal Mandi),True
wheat,Madhya Pradesh,2026-02-23,2417.7,1150.1,Agmarknet (Sehore & Bhopal Mandi),True
wheat,Madhya Pradesh,2026-02-24,2418.4,1128.0,Agmarknet (Sehore & Bhopal Mandi),True
wheat,Madhya Pradesh,2026-02-25,2419.1,1106.6,Agmarknet (Sehore & Bhopal Mandi),True
wheat,Madhya Pradesh,2026-02-26,2419.7,1085.9,Agmarknet (Sehore & Bhopal Mandi),True
wheat,Madhya Pradesh,2026-02-27,2420.3,1066.2,Agmarknet (Sehore & Bhopal Mandi),True
wheat,Madhya Pradesh,2026-02-28,2420.8,1047.6,Agmarknet (Sehore & Bhopal Mandi),True
wheat,Madhya Pradesh,2026-03-02,2421.8,1014.3,Agmarknet (Sehore & Bhopal Mandi),True
wheat,Madhya Pradesh,2026-03-03,2422.3,999.8,Agmarknet (Sehore & Bhopal Mandi),True
wheat,Madhya Pradesh,2026-03-04,2422.7,987.1,Agmarknet (Sehore & Bhopal Mandi),True
wheat,Madhya Pradesh,2026-03-05,2423.0,976.1,Agmarknet (Sehore & Bhopal Mandi),True
wheat,Madhya Pradesh,2026-03-06,2423.3,966.9,Agmarknet (Sehore & Bhopal Mandi),True
wheat,Madhya Pradesh,2026-03-07,2423.6,959.7,Agmarknet (Sehore & Bhopal Mandi),True
wheat,Madhya Pradesh,2026-03-09,2424.0,951.2,Agmarknet (Sehore & Bhopal Mandi),True
wheat,Madhya Pradesh,2026-03-10,2424.1,950.0,Agmarknet (Sehore & Bhopal Mandi),True
wheat,Madhya Pradesh,2026-03-11,2329.3,3001.2,Agmarknet (Sehore & Bhopal Mandi),True
wheat,Madhya Pradesh,2026-03-12,2331.4,2949.1,Agmarknet (Sehore & Bhopal Mandi),True
wheat,Madhya Pradesh,2026-03-13,2333.4,2887.9,Agmarknet (Sehore & Bhopal Mandi),True
wheat,Madhya Pradesh,2026-03-14,2335.4,2818.7,Agmarknet (Sehore & Bhopal Mandi),True
wheat,Madhya Pradesh,2026-03-16,2338.9,2662.5,Agmarknet (Sehore & Bhopal Mandi),True
wheat,Madhya Pradesh,2026-03-17,2340.5,2578.7,Agmarknet (Sehore & Bhopal Mandi),True
wheat,Madhya Pradesh,2026-03-18,2341.9,2493.2,Agmarknet (Sehore & Bhopal Mandi),True
wheat,Madhya Pradesh,2026-03-19,2343.2,2407.8,Agmarknet (Sehore & Bhopal Mandi),True
wheat,Madhya Pradesh,2026-03-20,2344.3,2324.4,Agmarknet (Sehore & Bhopal Mandi),True
wheat,Madhya Pradesh,2026-03-21,2345.2,2244.5,Agmarknet (Sehore & Bhopal Mandi),True
wheat,Madhya Pradesh,2026-03-23,2346.4,2101.8,Agmarknet (Sehore & Bhopal Mandi),True
wheat,Madhya Pradesh,2026-03-24,2346.7,2042.0,Agmarknet (Sehore & Bhopal Mandi),True
wheat,Madhya Pradesh,2026-03-25,2346.8,1991.5,Agmarknet (Sehore & Bhopal Mandi),True
wheat,Madhya Pradesh,2026-03-26,2346.8,1951.3,Agmarknet (Sehore & Bhopal Mandi),True
wheat,Madhya Pradesh,2026-03-27,2346.5,1922.3,Agmarknet (Sehore & Bhopal Mandi),True
wheat,Madhya Pradesh,2026-03-28,2346.0,1905.1,Agmarknet (Sehore & Bhopal Mandi),True
wheat,Madhya Pradesh,2026-03-30,2344.5,1907.2,Agmarknet (Sehore & Bhopal Mandi),True
wheat,Madhya Pradesh,2026-03-31,2343.5,1926.4,Agmarknet (Sehore & Bhopal Mandi),True
wheat,Madhya Pradesh,2026-04-01,2342.4,1957.3,Agmarknet (Sehore & Bhopal Mandi),True
wheat,Madhya Pradesh,2026-04-02,2341.1,1999.3,Agmarknet (Sehore & Bhopal Mandi),True
wheat,Madhya Pradesh,2026-04-03,2339.7,2051.4,Agmarknet (Sehore & Bhopal Mandi),True
wheat,Madhya Pradesh,2026-04-04,2338.1,2112.7,Agmarknet (Sehore & Bhopal Mandi),True
wheat,Madhya Pradesh,2026-04-06,2334.8,2257.6,Agmarknet (Sehore & Bhopal Mandi),True
wheat,Madhya Pradesh,2026-04-07,2333.0,2338.2,Agmarknet (Sehore & Bhopal Mandi),True
wheat,Madhya Pradesh,2026-04-08,2331.2,2422.1,Agmarknet (Sehore & Bhopal Mandi),True
wheat,Madhya Pradesh,2026-04-09,2329.4,2507.6,Agmarknet (Sehore & Bhopal Mandi),True
wheat,Madhya Pradesh,2026-04-10,2327.6,2592.9,Agmarknet (Sehore & Bhopal Mandi),True
wheat,Madhya Pradesh,2026-04-11,2325.8,2676.4,Agmarknet (Sehore & Bhopal Mandi),True
wheat,Madhya Pradesh,2026-04-13,2322.4,2830.9,Agmarknet (Sehore & Bhopal Mandi),True
wheat,Madhya Pradesh,2026-04-14,2320.8,2898.7,Agmarknet (Sehore & Bhopal Mandi),True
wheat,Madhya Pradesh,2026-04-15,2319.2,2958.5,Agmarknet (Sehore & Bhopal Mandi),True
wheat,Madhya Pradesh,2026-04-16,2317.8,3008.9,Agmarknet (Sehore & Bhopal Mandi),True
wheat,Madhya Pradesh,2026-04-17,2316.6,3049.0,Agmarknet (Sehore & Bhopal Mandi),True
wheat,Madhya Pradesh,2026-04-18,2315.4,3077.9,Agmarknet (Sehore & Bhopal Mandi),True
wheat,Madhya Pradesh,2026-04-20,2313.7,3099.9,Agmarknet (Sehore & Bhopal Mandi),True
wheat,Madhya Pradesh,2026-04-21,2313.1,3092.7,Agmarknet (Sehore & Bhopal Mandi),True
wheat,Madhya Pradesh,2026-04-22,2312.6,3073.4,Agmarknet (Sehore & Bhopal Mandi),True
wheat,Madhya Pradesh,2026-04-23,2312.4,3042.4,Agmarknet (Sehore & Bhopal Mandi),True
wheat,Madhya Pradesh,2026-04-24,2312.3,3000.3,Agmarknet (Sehore & Bhopal Mandi),True
wheat,Madhya Pradesh,2026-04-25,2312.5,2948.1,Agmarknet (Sehore & Bhopal Mandi),True
wheat,Madhya Pradesh,2026-04-27,2313.4,2817.4,Agmarknet (Sehore & Bhopal Mandi),True
wheat,Madhya Pradesh,2026-04-28,2314.2,2741.7,Agmarknet (Sehore & Bhopal Mandi),True
wheat,Madhya Pradesh,2026-04-29,2315.1,2661.1,Agmarknet (Sehore & Bhopal Mandi),True
wheat,Madhya Pradesh,2026-04-30,2316.2,2577.2,Agmarknet (Sehore & Bhopal Mandi),True
wheat,Madhya Pradesh,2026-05-01,2317.5,2491.7,Agmarknet (Sehore & Bhopal Mandi),True
wheat,Madhya Pradesh,2026-05-02,2318.9,2406.3,Agmarknet (Sehore & Bhopal Mandi),True
wheat,Madhya Pradesh,2026-05-04,2322.3,2243.1,Agmarknet (Sehore & Bhopal Mandi),True
wheat,Madhya Pradesh,2026-05-05,2324.1,2168.5,Agmarknet (Sehore & Bhopal Mandi),True
wheat,Madhya Pradesh,2026-05-06,2326.1,2100.7,Agmarknet (Sehore & Bhopal Mandi),True
wheat,Madhya Pradesh,2026-05-07,2328.1,2041.0,Agmarknet (Sehore & Bhopal Mandi),True
wheat,Madhya Pradesh,2026-05-08,2330.2,1990.7,Agmarknet (Sehore & Bhopal Mandi),True
wheat,Madhya Pradesh,2026-05-09,2332.4,1950.7,Agmarknet (Sehore & Bhopal Mandi),True
wheat,Madhya Pradesh,2026-05-11,2336.7,1904.9,Agmarknet (Sehore & Bhopal Mandi),True
wheat,Madhya Pradesh,2026-05-12,2338.9,1900.1,Agmarknet (Sehore & Bhopal Mandi),True
wheat,Madhya Pradesh,2026-05-13,2341.0,1907.4,Agmarknet (Sehore & Bhopal Mandi),True
wheat,Madhya Pradesh,2026-05-14,2343.1,1926.8,Agmarknet (Sehore & Bhopal Mandi),True
wheat,Madhya Pradesh,2026-05-15,2345.1,1957.9,Agmarknet (Sehore & Bhopal Mandi),True
wheat,Madhya Pradesh,2026-05-16,2424.8,954.9,Agmarknet (Sehore & Bhopal Mandi),True
wheat,Madhya Pradesh,2026-05-18,2426.5,950.0,Agmarknet (Sehore & Bhopal Mandi),True
wheat,Madhya Pradesh,2026-05-19,2427.3,950.7,Agmarknet (Sehore & Bhopal Mandi),True
wheat,Madhya Pradesh,2026-05-20,2428.2,953.4,Agmarknet (Sehore & Bhopal Mandi),True
wheat,Madhya Pradesh,2026-05-21,2429.0,958.2,Agmarknet (Sehore & Bhopal Mandi),True
wheat,Madhya Pradesh,2026-05-22,2429.9,964.9,Agmarknet (Sehore & Bhopal Mandi),True
wheat,Madhya Pradesh,2026-05-23,2430.7,973.6,Agmarknet (Sehore & Bhopal Mandi),True
wheat,Madhya Pradesh,2026-05-25,2432.3,996.5,Agmarknet (Sehore & Bhopal Mandi),True
wheat,Madhya Pradesh,2026-05-26,2433.0,1010.5,Agmarknet (Sehore & Bhopal Mandi),True
wheat,Madhya Pradesh,2026-05-27,2433.8,1026.1,Agmarknet (Sehore & Bhopal Mandi),True
wheat,Madhya Pradesh,2026-05-28,2434.5,1043.2,Agmarknet (Sehore & Bhopal Mandi),True
wheat,Madhya Pradesh,2026-05-29,2435.2,1061.5,Agmarknet (Sehore & Bhopal Mandi),True
wheat,Madhya Pradesh,2026-05-30,2435.9,1080.9,Agmarknet (Sehore & Bhopal Mandi),True
wheat,Madhya Pradesh,2026-06-01,2437.1,1122.7,Agmarknet (Sehore & Bhopal Mandi),True
wheat,Madhya Pradesh,2026-06-02,2437.7,1144.6,Agmarknet (Sehore & Bhopal Mandi),True
wheat,Madhya Pradesh,2026-06-03,2438.2,1166.9,Agmarknet (Sehore & Bhopal Mandi),True
wheat,Madhya Pradesh,2026-06-04,2438.7,1189.5,Agmarknet (Sehore & Bhopal Mandi),True
wheat,Madhya Pradesh,2026-06-05,2439.1,1212.3,Agmarknet (Sehore & Bhopal Mandi),True
wheat,Madhya Pradesh,2026-06-06,2439.5,1234.9,Agmarknet (Sehore & Bhopal Mandi),True
wheat,Madhya Pradesh,2026-06-08,2440.2,1279.1,Agmarknet (Sehore & Bhopal Mandi),True
wheat,Madhya Pradesh,2026-06-09,2440.5,1300.3,Agmarknet (Sehore & Bhopal Mandi),True
wheat,Madhya Pradesh,2026-06-10,2440.7,1320.7,Agmarknet (Sehore & Bhopal Mandi),True
wheat,Madhya Pradesh,2026-06-11,2440.9,1340.0,Agmarknet (Sehore & Bhopal Mandi),True
wheat,Madhya Pradesh,2026-06-12,2441.1,1358.3,Agmarknet (Sehore & Bhopal Mandi),True
wheat,Madhya Pradesh,2026-06-13,2441.2,1375.2,Agmarknet (Sehore & Bhopal Mandi),True
wheat,Madhya Pradesh,2026-06-15,2441.3,1404.5,Agmarknet (Sehore & Bhopal Mandi),True
wheat,Madhya Pradesh,2026-06-16,2441.2,1416.7,Agmarknet (Sehore & Bhopal Mandi),True
wheat,Madhya Pradesh,2026-06-17,2441.2,1427.2,Agmarknet (Sehore & Bhopal Mandi),True
wheat,Madhya Pradesh,2026-06-18,2441.1,1435.7,Agmarknet (Sehore & Bhopal Mandi),True
wheat,Madhya Pradesh,2026-06-19,2440.9,1442.3,Agmarknet (Sehore & Bhopal Mandi),True
wheat,Madhya Pradesh,2026-06-20,2440.7,1446.9,Agmarknet (Sehore & Bhopal Mandi),True
wheat,Madhya Pradesh,2026-06-22,2440.2,1449.9,Agmarknet (Sehore & Bhopal Mandi),True
wheat,Madhya Pradesh,2026-06-23,2439.9,1448.4,Agmarknet (Sehore & Bhopal Mandi),True
wheat,Madhya Pradesh,2026-06-24,2439.6,1444.7,Agmarknet (Sehore & Bhopal Mandi),True
wheat,Madhya Pradesh,2026-06-25,2439.3,1439.1,Agmarknet (Sehore & Bhopal Mandi),True
wheat,Madhya Pradesh,2026-06-26,2438.9,1431.5,Agmarknet (Sehore & Bhopal Mandi),True
wheat,Madhya Pradesh,2026-06-27,2438.5,1421.9,Agmarknet (Sehore & Bhopal Mandi),True
wheat,Madhya Pradesh,2026-06-29,2437.6,1397.5,Agmarknet (Sehore & Bhopal Mandi),True
wheat,Madhya Pradesh,2026-06-30,2437.2,1382.8,Agmarknet (Sehore & Bhopal Mandi),True
wheat,Madhya Pradesh,2026-07-01,2436.7,1366.5,Agmarknet (Sehore & Bhopal Mandi),True
wheat,Madhya Pradesh,2026-07-02,2436.3,1348.9,Agmarknet (Sehore & Bhopal Mandi),True
wheat,Madhya Pradesh,2026-07-03,2435.8,1330.0,Agmarknet (Sehore & Bhopal Mandi),True
wheat,Madhya Pradesh,2026-07-04,2435.3,1310.1,Agmarknet (Sehore & Bhopal Mandi),True
wheat,Madhya Pradesh,2026-07-06,2434.3,1267.7,Agmarknet (Sehore & Bhopal Mandi),True
wheat,Madhya Pradesh,2026-07-07,2433.8,1245.6,Agmarknet (Sehore & Bhopal Mandi),True
wheat,Madhya Pradesh,2026-07-08,2433.4,1223.1,Agmarknet (Sehore & Bhopal Mandi),True
wheat,Madhya Pradesh,2026-07-09,2432.9,1200.4,Agmarknet (Sehore & Bhopal Mandi),True
wheat,Madhya Pradesh,2026-07-10,2432.5,1177.7,Agmarknet (Sehore & Bhopal Mandi),True
wheat,Madhya Pradesh,2026-07-11,2432.0,1155.2,Agmarknet (Sehore & Bhopal Mandi),True
wheat,Madhya Pradesh,2026-07-13,2431.2,1111.5,Agmarknet (Sehore & Bhopal Mandi),True
wheat,Madhya Pradesh,2026-07-14,2430.9,1090.6,Agmarknet (Sehore & Bhopal Mandi),True
wheat,Madhya Pradesh,2026-07-15,2430.5,1070.6,Agmarknet (Sehore & Bhopal Mandi),True
wheat,Madhya Pradesh,2026-07-16,2430.2,1051.8,Agmarknet (Sehore & Bhopal Mandi),True
wheat,Madhya Pradesh,2026-07-17,2429.9,1034.1,Agmarknet (Sehore & Bhopal Mandi),True
wheat,Madhya Pradesh,2026-07-18,2429.7,1017.8,Agmarknet (Sehore & Bhopal Mandi),True
wheat,Madhya Pradesh,2026-07-20,2429.3,989.8,Agmarknet (Sehore & Bhopal Mandi),True
wheat,Madhya Pradesh,2026-07-21,2429.2,978.4,Agmarknet (Sehore & Bhopal Mandi),True
wheat,Madhya Pradesh,2026-07-22,2429.1,968.8,Agmarknet (Sehore & Bhopal Mandi),True
wheat,Madhya Pradesh,2026-07-23,2429.0,961.1,Agmarknet (Sehore & Bhopal Mandi),True
wheat,Madhya Pradesh,2026-07-24,2429.0,955.4,Agmarknet (Sehore & Bhopal Mandi),True
wheat,Madhya Pradesh,2026-07-25,2429.0,951.7,Agmarknet (Sehore & Bhopal Mandi),True
wheat,Madhya Pradesh,2026-07-27,2429.2,950.5,Agmarknet (Sehore & Bhopal Mandi),True
wheat,Madhya Pradesh,2026-07-28,2429.4,953.0,Agmarknet (Sehore & Bhopal Mandi),True
wheat,Madhya Pradesh,2026-07-29,2429.6,957.5,Agmarknet (Sehore & Bhopal Mandi),True
wheat,Madhya Pradesh,2026-07-30,2429.9,964.0,Agmarknet (Sehore & Bhopal Mandi),True
wheat,Madhya Pradesh,2026-07-31,2430.2,972.5,Agmarknet (Sehore & Bhopal Mandi),True
wheat,Madhya Pradesh,2026-08-01,2430.5,982.9,Agmarknet (Sehore & Bhopal Mandi),True
wheat,Madhya Pradesh,2026-08-03,2431.3,1008.8,Agmarknet (Sehore & Bhopal Mandi),True
wheat,Madhya Pradesh,2026-08-04,2431.8,1024.3,Agmarknet (Sehore & Bhopal Mandi),True
wheat,Madhya Pradesh,2026-08-05,2432.3,1041.1,Agmarknet (Sehore & Bhopal Mandi),True
wheat,Madhya Pradesh,2026-08-06,2432.8,1059.3,Agmarknet (Sehore & Bhopal Mandi),True
wheat,Madhya Pradesh,2026-08-07,2433.4,1078.6,Agmarknet (Sehore & Bhopal Mandi),True
wheat,Madhya Pradesh,2026-08-08,2434.0,1099.0,Agmarknet (Sehore & Bhopal Mandi),True
wheat,Madhya Pradesh,2026-08-10,2435.3,1142.0,Agmarknet (Sehore & Bhopal Mandi),True
wheat,Madhya Pradesh,2026-08-11,2436.0,1164.3,Agmarknet (Sehore & Bhopal Mandi),True
wheat,Madhya Pradesh,2026-08-12,2436.8,1186.9,Agmarknet (Sehore & Bhopal Mandi),True
wheat,Madhya Pradesh,2026-08-13,2437.5,1209.7,Agmarknet (Sehore & Bhopal Mandi),True
wheat,Madhya Pradesh,2026-08-14,2438.3,1232.3,Agmarknet (Sehore & Bhopal Mandi),True
wheat,Madhya Pradesh,2026-08-15,2439.1,1254.7,Agmarknet (Sehore & Bhopal Mandi),True
wheat,Madhya Pradesh,2026-08-17,2440.7,1297.9,Agmarknet (Sehore & Bhopal Mandi),True
wheat,Madhya Pradesh,2026-08-18,2441.6,1318.4,Agmarknet (Sehore & Bhopal Mandi),True
wheat,Madhya Pradesh,2026-08-19,2442.4,1337.9,Agmarknet (Sehore & Bhopal Mandi),True
wheat,Madhya Pradesh,2026-08-20,2443.3,1356.2,Agmarknet (Sehore & Bhopal Mandi),True
wheat,Madhya Pradesh,2026-08-21,2444.1,1373.3,Agmarknet (Sehore & Bhopal Mandi),True
wheat,Madhya Pradesh,2026-08-22,2444.9,1388.9,Agmarknet (Sehore & Bhopal Mandi),True
wheat,Madhya Pradesh,2026-08-24,2446.6,1415.4,Agmarknet (Sehore & Bhopal Mandi),True
wheat,Madhya Pradesh,2026-08-25,2447.4,1426.1,Agmarknet (Sehore & Bhopal Mandi),True
wheat,Madhya Pradesh,2026-08-26,2448.2,1434.8,Agmarknet (Sehore & Bhopal Mandi),True
wheat,Madhya Pradesh,2026-08-27,2449.0,1441.6,Agmarknet (Sehore & Bhopal Mandi),True
wheat,Madhya Pradesh,2026-08-28,2449.8,1446.5,Agmarknet (Sehore & Bhopal Mandi),True
wheat,Madhya Pradesh,2026-08-29,2450.6,1449.2,Agmarknet (Sehore & Bhopal Mandi),True
wheat,Madhya Pradesh,2026-08-31,2452.0,1448.6,Agmarknet (Sehore & Bhopal Mandi),True
cotton,Madhya Pradesh,2025-09-01,7145.0,350.0,Agmarknet (Khandwa & Khargone Mandi),True
cotton,Madhya Pradesh,2025-09-02,7145.3,359.0,Agmarknet (Khandwa & Khargone Mandi),True
cotton,Madhya Pradesh,2025-09-03,7145.3,367.9,Agmarknet (Khandwa & Khargone Mandi),True
cotton,Madhya Pradesh,2025-09-04,7145.2,376.6,Agmarknet (Khandwa & Khargone Mandi),True
cotton,Madhya Pradesh,2025-09-05,7145.0,385.0,Agmarknet (Khandwa & Khargone Mandi),True
cotton,Madhya Pradesh,2025-09-06,7144.5,393.1,Agmarknet (Khandwa & Khargone Mandi),True
cotton,Madhya Pradesh,2025-09-08,7143.2,408.0,Agmarknet (Khandwa & Khargone Mandi),True
cotton,Madhya Pradesh,2025-09-09,7142.2,414.6,Agmarknet (Khandwa & Khargone Mandi),True
cotton,Madhya Pradesh,2025-09-10,7141.2,420.5,Agmarknet (Khandwa & Khargone Mandi),True
cotton,Madhya Pradesh,2025-09-11,7139.9,425.7,Agmarknet (Khandwa & Khargone Mandi),True
cotton,Madhya Pradesh,2025-09-12,7138.6,430.2,Agmarknet (Khandwa & Khargone Mandi),True
cotton,Madhya Pradesh,2025-09-13,7137.1,433.9,Agmarknet (Khandwa & Khargone Mandi),True
cotton,Madhya Pradesh,2025-09-15,7133.8,438.7,Agmarknet (Khandwa & Khargone Mandi),True
cotton,Madhya Pradesh,2025-09-16,7132.0,439.8,Agmarknet (Khandwa & Khargone Mandi),True
cotton,Madhya Pradesh,2025-09-17,7130.1,440.0,Agmarknet (Khandwa & Khargone Mandi),True
cotton,Madhya Pradesh,2025-09-18,7128.2,439.2,Agmarknet (Khandwa & Khargone Mandi),True
cotton,Madhya Pradesh,2025-09-19,7126.1,437.6,Agmarknet (Khandwa & Khargone Mandi),True
cotton,Madhya Pradesh,2025-09-20,7124.1,435.2,Agmarknet (Khandwa & Khargone Mandi),True
cotton,Madhya Pradesh,2025-09-22,7119.8,427.7,Agmarknet (Khandwa & Khargone Mandi),True
cotton,Madhya Pradesh,2025-09-23,7117.7,422.8,Agmarknet (Khandwa & Khargone Mandi),True
cotton,Madhya Pradesh,2025-09-24,7115.5,417.1,Agmarknet (Khandwa & Khargone Mandi),True
cotton,Madhya Pradesh,2025-09-25,7113.4,410.8,Agmarknet (Khandwa & Khargone Mandi),True
cotton,Madhya Pradesh,2025-09-26,7111.3,403.9,Agmarknet (Khandwa & Khargone Mandi),True
cotton,Madhya Pradesh,2025-09-27,7109.2,396.4,Agmarknet (Khandwa & Khargone Mandi),True
cotton,Madhya Pradesh,2025-09-29,7105.2,380.1,Agmarknet (Khandwa & Khargone Mandi),True
cotton,Madhya Pradesh,2025-09-30,7103.4,371.5,Agmarknet (Khandwa & Khargone Mandi),True
cotton,Madhya Pradesh,2025-10-01,7101.6,362.7,Agmarknet (Khandwa & Khargone Mandi),True
cotton,Madhya Pradesh,2025-10-02,7099.9,353.7,Agmarknet (Khandwa & Khargone Mandi),True
cotton,Madhya Pradesh,2025-10-03,7098.3,344.7,Agmarknet (Khandwa & Khargone Mandi),True
cotton,Madhya Pradesh,2025-10-04,7096.8,335.8,Agmarknet (Khandwa & Khargone Mandi),True
cotton,Madhya Pradesh,2025-10-06,7094.2,318.4,Agmarknet (Khandwa & Khargone Mandi),True
cotton,Madhya Pradesh,2025-10-07,7093.1,310.2,Agmarknet (Khandwa & Khargone Mandi),True
cotton,Madhya Pradesh,2025-10-08,7092.2,302.3,Agmarknet (Khandwa & Khargone Mandi),True
cotton,Madhya Pradesh,2025-10-09,7091.4,294.9,Agmarknet (Khandwa & Khargone Mandi),True
cotton,Madhya Pradesh,2025-10-10,7090.8,288.1,Agmarknet (Khandwa & Khargone Mandi),True
cotton,Madhya Pradesh,2025-10-11,7090.4,281.9,Agmarknet (Khandwa & Khargone Mandi),True
cotton,Madhya Pradesh,2025-10-13,7090.1,271.6,Agmarknet (Khandwa & Khargone Mandi),True
cotton,Madhya Pradesh,2025-10-14,7090.1,267.5,Agmarknet (Khandwa & Khargone Mandi),True
cotton,Madhya Pradesh,2025-10-15,7090.4,264.4,Agmarknet (Khandwa & Khargone Mandi),True
cotton,Madhya Pradesh,2025-10-16,7090.8,262.0,Agmarknet (Khandwa & Khargone Mandi),True
cotton,Madhya Pradesh,2025-10-17,7091.5,260.6,Agmarknet (Khandwa & Khargone Mandi),True
cotton,Madhya Pradesh,2025-10-18,7092.3,260.0,Agmarknet (Khandwa & Khargone Mandi),True
cotton,Madhya Pradesh,2025-10-20,7094.4,261.6,Agmarknet (Khandwa & Khargone Mandi),True
cotton,Madhya Pradesh,2025-10-21,7095.7,263.7,Agmarknet (Khandwa & Khargone Mandi),True
cotton,Madhya Pradesh,2025-10-22,7097.2,266.7,Agmarknet (Khandwa & Khargone Mandi),True
cotton,Madhya Pradesh,2025-10-23,7098.8,270.5,Agmarknet (Khandwa & Khargone Mandi),True
cotton,Madhya Pradesh,2025-10-24,7100.6,275.1,Agmarknet (Khandwa & Khargone Mandi),True
cotton,Madhya Pradesh,2025-10-25,7102.5,280.5,Agmarknet (Khandwa & Khargone Mandi),True
cotton,Madhya Pradesh,2025-10-27,7106.7,293.2,Agmarknet (Khandwa & Khargone Mandi),True
cotton,Madhya Pradesh,2025-10-28,7109.0,300.4,Agmarknet (Khandwa & Khargone Mandi),True
cotton,Madhya Pradesh,2025-10-29,7111.4,308.2,Agmarknet (Khandwa & Khargone Mandi),True
cotton,Madhya Pradesh,2025-10-30,7113.9,316.4,Agmarknet (Khandwa & Khargone Mandi),True
cotton,Madhya Pradesh,2025-10-31,7116.5,324.9,Agmarknet (Khandwa & Khargone Mandi),True
cotton,Madhya Pradesh,2025-11-01,7119.2,333.6,Agmarknet (Khandwa & Khargone Mandi),True
cotton,Madhya Pradesh,2025-11-03,7124.7,351.5,Agmarknet (Khandwa & Khargone Mandi),True
cotton,Madhya Pradesh,2025-11-04,7127.5,360.5,Agmarknet (Khandwa & Khargone Mandi),True
cotton,Madhya Pradesh,2025-11-05,7130.3,369.4,Agmarknet (Khandwa & Khargone Mandi),True
cotton,Madhya Pradesh,2025-11-06,6897.8,803.6,Agmarknet (Khandwa & Khargone Mandi),True
cotton,Madhya Pradesh,2025-11-07,6900.1,775.6,Agmarknet (Khandwa & Khargone Mandi),True
cotton,Madhya Pradesh,2025-11-08,6902.0,749.5,Agmarknet (Khandwa & Khargone Mandi),True
cotton,Madhya Pradesh,2025-11-10,6904.4,704.8,Agmarknet (Khandwa & Khargone Mandi),True
cotton,Madhya Pradesh,2025-11-11,6904.8,686.8,Agmarknet (Khandwa & Khargone Mandi),True
cotton,Madhya Pradesh,2025-11-12,6904.8,672.2,Agmarknet (Khandwa & Khargone Mandi),True
cotton,Madhya Pradesh,2025-11-13,6904.2,661.1,Agmarknet (Khandwa & Khargone Mandi),True
cotton,Madhya Pradesh,2025-11-14,6903.2,653.8,Agmarknet (Khandwa & Khargone Mandi),True
cotton,Madhya Pradesh,2025-11-15,6901.7,650.3,Agmarknet (Khandwa & Khargone Mandi),True
cotton,Madhya Pradesh,2025-11-17,6897.5,655.0,Agmarknet (Khandwa & Khargone Mandi),True
cotton,Madhya Pradesh,2025-11-18,6894.8,663.1,Agmarknet (Khandwa & Khargone Mandi),True
cotton,Madhya Pradesh,2025-11-19,6891.8,674.9,Agmarknet (Khandwa & Khargone Mandi),True
cotton,Madhya Pradesh,2025-11-20,6888.4,690.2,Agmarknet (Khandwa & Khargone Mandi),True
cotton,Madhya Pradesh,2025-11-21,6884.8,708.8,Agmarknet (Khandwa & Khargone Mandi),True
cotton,Madhya Pradesh,2025-11-22,6881.0,730.4,Agmarknet (Khandwa & Khargone Mandi),True
cotton,Madhya Pradesh,2025-11-24,6873.1,781.1,Agmarknet (Khandwa & Khargone Mandi),True
cotton,Madhya Pradesh,2025-11-25,6869.0,809.5,Agmarknet (Khandwa & Khargone Mandi),True
cotton,Madhya Pradesh,2025-11-26,6864.9,839.2,Agmarknet (Khandwa & Khargone Mandi),True
cotton,Madhya Pradesh,2025-11-27,6860.9,869.9,Agmarknet (Khandwa & Khargone Mandi),True
cotton,Madhya Pradesh,2025-11-28,6857.0,901.1,Agmarknet (Khandwa & Khargone Mandi),True
cotton,Madhya Pradesh,2025-11-29,6853.2,932.3,Agmarknet (Khandwa & Khargone Mandi),True
cotton,Madhya Pradesh,2025-12-01,6846.5,992.6,Agmarknet (Khandwa & Khargone Mandi),True
cotton,Madhya Pradesh,2025-12-02,6843.6,1020.8,Agmarknet (Khandwa & Khargone Mandi),True
cotton,Madhya Pradesh,2025-12-03,6841.0,1047.2,Agmarknet (Khandwa & Khargone Mandi),True
cotton,Madhya Pradesh,2025-12-04,6838.8,1071.2,Agmarknet (Khandwa & Khargone Mandi),True
cotton,Madhya Pradesh,2025-12-05,6837.1,1092.6,Agmarknet (Khandwa & Khargone Mandi),True
cotton,Madhya Pradesh,2025-12-06,6835.7,1111.0,Agmarknet (Khandwa & Khargone Mandi),True
cotton,Madhya Pradesh,2025-12-08,6834.5,1137.6,Agmarknet (Khandwa & Khargone Mandi),True
cotton,Madhya Pradesh,2025-12-09,6834.7,1145.4,Agmarknet (Khandwa & Khargone Mandi),True
cotton,Madhya Pradesh,2025-12-10,6835.3,1149.4,Agmarknet (Khandwa & Khargone Mandi),True
cotton,Madhya Pradesh,2025-12-11,6836.4,1149.6,Agmarknet (Khandwa & Khargone Mandi),True
cotton,Madhya Pradesh,2025-12-12,6838.0,1145.8,Agmarknet (Khandwa & Khargone Mandi),True
cotton,Madhya Pradesh,2025-12-13,6840.0,1138.2,Agmarknet (Khandwa & Khargone Mandi),True
cotton,Madhya Pradesh,2025-12-15,6845.4,1112.0,Agmarknet (Khandwa & Khargone Mandi),True
cotton,Madhya Pradesh,2025-12-16,6848.7,1093.8,Agmarknet (Khandwa & Khargone Mandi),True
cotton,Madhya Pradesh,2025-12-17,6852.4,1072.6,Agmarknet (Khandwa & Khargone Mandi),True
cotton,Madhya Pradesh,2025-12-18,6856.3,1048.7,Agmarknet (Khandwa & Khargone Mandi),True
cotton,Madhya Pradesh,2025-12-19,6860.6,1022.5,Agmarknet (Khandwa & Khargone Mandi),True
cotton,Madhya Pradesh,2025-12-20,6865.0,994.4,Agmarknet (Khandwa & Khargone Mandi),True
cotton,Madhya Pradesh,2025-12-22,6874.3,934.2,Agmarknet (Khandwa & Khargone Mandi),True
cotton,Madhya Pradesh,2025-12-23,6879.1,903.0,Agmarknet (Khandwa & Khargone Mandi),True
cotton,Madhya Pradesh,2025-12-24,6883.9,871.9,Agmarknet (Khandwa & Khargone Mandi),True
cotton,Madhya Pradesh,2025-12-25,6888.6,841.1,Agmarknet (Khandwa & Khargone Mandi),True
cotton,Madhya Pradesh,2025-12-26,6893.3,811.3,Agmarknet (Khandwa & Khargone Mandi),True
cotton,Madhya Pradesh,2025-12-27,6897.8,782.8,Agmarknet (Khandwa & Khargone Mandi),True
cotton,Madhya Pradesh,2025-12-29,6906.0,731.8,Agmarknet (Khandwa & Khargone Mandi),True
cotton,Madhya Pradesh,2025-12-30,6909.8,710.1,Agmarknet (Khandwa & Khargone Mandi),True
cotton,Madhya Pradesh,2025-12-31,6913.1,691.3,Agmarknet (Khandwa & Khargone Mandi),True
cotton,Madhya Pradesh,2026-01-01,6916.1,675.8,Agmarknet (Khandwa & Khargone Mandi),True
cotton,Madhya Pradesh,2026-01-02,6918.7,663.7,Agmarknet (Khandwa & Khargone Mandi),True
cotton,Madhya Pradesh,2026-01-03,6920.8,655.4,Agmarknet (Khandwa & Khargone Mandi),True
cotton,Madhya Pradesh,2026-01-05,6923.7,650.2,Agmarknet (Khandwa & Khargone Mandi),True
cotton,Madhya Pradesh,2026-01-06,6924.4,653.5,Agmarknet (Khandwa & Khargone Mandi),True
cotton,Madhya Pradesh,2026-01-07,6924.7,660.6,Agmarknet (Khandwa & Khargone Mandi),True
cotton,Madhya Pradesh,2026-01-08,6924.4,671.4,Agmarknet (Khandwa & Khargone Mandi),True
cotton,Madhya Pradesh,2026-01-09,6923.6,685.8,Agmarknet (Khandwa & Khargone Mandi),True
cotton,Madhya Pradesh,2026-01-10,6922.4,703.6,Agmarknet (Khandwa & Khargone Mandi),True
cotton,Madhya Pradesh,2026-01-12,6918.6,748.0,Agmarknet (Khandwa & Khargone Mandi),True
cotton,Madhya Pradesh,2026-01-13,6916.1,773.9,Agmarknet (Khandwa & Khargone Mandi),True
cotton,Madhya Pradesh,2026-01-14,6913.3,801.8,Agmarknet (Khandwa & Khargone Mandi),True
cotton,Madhya Pradesh,2026-01-15,6910.1,831.2,Agmarknet (Khandwa & Khargone Mandi),True
cotton,Madhya Pradesh,2026-01-16,6906.6,861.7,Agmarknet (Khandwa & Khargone Mandi),True
cotton,Madhya Pradesh,2026-01-17,6902.9,892.8,Agmarknet (Khandwa & Khargone Mandi),True
cotton,Madhya Pradesh,2026-01-19,6895.1,954.9,Agmarknet (Khandwa & Khargone Mandi),True
cotton,Madhya Pradesh,2026-01-20,6891.0,984.8,Agmarknet (Khandwa & Khargone Mandi),True
cotton,Madhya Pradesh,2026-01-21,6886.9,1013.5,Agmarknet (Khandwa & Khargone Mandi),True
cotton,Madhya Pradesh,2026-01-22,6882.9,1040.4,Agmarknet (Khandwa & Khargone Mandi),True
cotton,Madhya Pradesh,2026-01-23,6878.9,1065.1,Agmarknet (Khandwa & Khargone Mandi),True
cotton,Madhya Pradesh,2026-01-24,6875.1,1087.2,Agmarknet (Khandwa & Khargone Mandi),True
cotton,Madhya Pradesh,2026-01-26,6868.0,1122.4,Agmarknet (Khandwa & Khargone Mandi),True
cotton,Madhya Pradesh,2026-01-27,6864.9,1134.9,Agmarknet (Khandwa & Khargone Mandi),True
cotton,Madhya Pradesh,2026-01-28,6862.2,1143.7,Agmarknet (Khandwa & Khargone Mandi),True
cotton,Madhya Pradesh,2026-01-29,6859.8,1148.8,Agmarknet (Khandwa & Khargone Mandi),True
cotton,Madhya Pradesh,2026-01-30,6857.8,1149.9,Agmarknet (Khandwa & Khargone Mandi),True
cotton,Madhya Pradesh,2026-01-31,6856.2,1147.2,Agmarknet (Khandwa & Khargone Mandi),True
cotton,Madhya Pradesh,2026-02-02,6854.5,1130.2,Agmarknet (Khandwa & Khargone Mandi),True
cotton,Madhya Pradesh,2026-02-03,6854.3,1116.3,Agmarknet (Khandwa & Khargone Mandi),True
cotton,Madhya Pradesh,2026-02-04,6854.7,1099.0,Agmarknet (Khandwa & Khargone Mandi),True
cotton,Madhya Pradesh,2026-02-05,7172.5,350.7,Agmarknet (Khandwa & Khargone Mandi),True
cotton,Madhya Pradesh,2026-02-06,7175.3,341.7,Agmarknet (Khandwa & Khargone Mandi),True
cotton,Madhya Pradesh,2026-02-07,7178.0,332.8,Agmarknet (Khandwa & Khargone Mandi),True
cotton,Madhya Pradesh,2026-02-09,7183.3,315.6,Agmarknet (Khandwa & Khargone Mandi),True
cotton,Madhya Pradesh,2026-02-10,7185.8,307.5,Agmarknet (Khandwa & Khargone Mandi),True
cotton,Madhya Pradesh,2026-02-11,7188.2,299.8,Agmarknet (Khandwa & Khargone Mandi),True
cotton,Madhya Pradesh,2026-02-12,7190.4,292.6,Agmarknet (Khandwa & Khargone Mandi),True
cotton,Madhya Pradesh,2026-02-13,7192.6,285.9,Agmarknet (Khandwa & Khargone Mandi),True
cotton,Madhya Pradesh,2026-02-14,7194.7,279.9,Agmarknet (Khandwa & Khargone Mandi),True
cotton,Madhya Pradesh,2026-02-16,7198.3,270.1,Agmarknet (Khandwa & Khargone Mandi),True
cotton,Madhya Pradesh,2026-02-17,7199.9,266.4,Agmarknet (Khandwa & Khargone Mandi),True
cotton,Madhya Pradesh,2026-02-18,7201.4,263.5,Agmarknet (Khandwa & Khargone Mandi),True
cotton,Madhya Pradesh,2026-02-19,7202.7,261.4,Agmarknet (Khandwa & Khargone Mandi),True
cotton,Madhya Pradesh,2026-02-20,7203.8,260.3,Agmarknet (Khandwa & Khargone Mandi),True
cotton,Madhya Pradesh,2026-02-21,7204.8,260.0,Agmarknet (Khandwa & Khargone Mandi),True
cotton,Madhya Pradesh,2026-02-23,7206.2,262.2,Agmarknet (Khandwa & Khargone Mandi),True
cotton,Madhya Pradesh,2026-02-24,7206.6,264.6,Agmarknet (Khandwa & Khargone Mandi),True
cotton,Madhya Pradesh,2026-02-25,7206.8,267.9,Agmarknet (Khandwa & Khargone Mandi),True
cotton,Madhya Pradesh,2026-02-26,7206.9,272.0,Agmarknet (Khandwa & Khargone Mandi),True
cotton,Madhya Pradesh,2026-02-27,7206.8,276.8,Agmarknet (Khandwa & Khargone Mandi),True
cotton,Madhya Pradesh,2026-02-28,7206.5,282.4,Agmarknet (Khandwa & Khargone Mandi),True
cotton,Madhya Pradesh,2026-03-02,7205.5,295.6,Agmarknet (Khandwa & Khargone Mandi),True
cotton,Madhya Pradesh,2026-03-03,7204.7,303.0,Agmarknet (Khandwa & Khargone Mandi),True
cotton,Madhya Pradesh,2026-03-04,7203.7,310.9,Agmarknet (Khandwa & Khargone Mandi),True
cotton,Madhya Pradesh,2026-03-05,7202.7,319.2,Agmarknet (Khandwa & Khargone Mandi),True
cotton,Madhya Pradesh,2026-03-06,7201.4,327.8,Agmarknet (Khandwa & Khargone Mandi),True
cotton,Madhya Pradesh,2026-03-07,7200.1,336.6,Agmarknet (Khandwa & Khargone Mandi),True
cotton,Madhya Pradesh,2026-03-09,7197.0,354.5,Agmarknet (Khandwa & Khargone Mandi),True
cotton,Madhya Pradesh,2026-03-10,7195.3,363.5,Agmarknet (Khandwa & Khargone Mandi),True
cotton,Madhya Pradesh,2026-03-11,7193.5,372.3,Agmarknet (Khandwa & Khargone Mandi),True
cotton,Madhya Pradesh,2026-03-12,7191.6,380.9,Agmarknet (Khandwa & Khargone Mandi),True
cotton,Madhya Pradesh,2026-03-13,7189.6,389.2,Agmarknet (Khandwa & Khargone Mandi),True
cotton,Madhya Pradesh,2026-03-14,7187.6,397.1,Agmarknet (Khandwa & Khargone Mandi),True
cotton,Madhya Pradesh,2026-03-16,7183.4,411.4,Agmarknet (Khandwa & Khargone Mandi),True
cotton,Madhya Pradesh,2026-03-17,7181.2,417.6,Agmarknet (Khandwa & Khargone Mandi),True
cotton,Madhya Pradesh,2026-03-18,7179.1,423.2,Agmarknet (Khandwa & Khargone Mandi),True
cotton,Madhya Pradesh,2026-03-19,7177.0,428.1,Agmarknet (Khandwa & Khargone Mandi),True
cotton,Madhya Pradesh,2026-03-20,7174.8,432.2,Agmarknet (Khandwa & Khargone Mandi),True
cotton,Madhya Pradesh,2026-03-21,7172.7,435.4,Agmarknet (Khandwa & Khargone Mandi),True
cotton,Madhya Pradesh,2026-03-23,7168.6,439.3,Agmarknet (Khandwa & Khargone Mandi),True
cotton,Madhya Pradesh,2026-03-24,7166.7,440.0,Agmarknet (Khandwa & Khargone Mandi),True
cotton,Madhya Pradesh,2026-03-25,7164.8,439.7,Agmarknet (Khandwa & Khargone Mandi),True
cotton,Madhya Pradesh,2026-03-26,7163.0,438.6,Agmarknet (Khandwa & Khargone Mandi),True
cotton,Madhya Pradesh,2026-03-27,7161.3,436.5,Agmarknet (Khandwa & Khargone Mandi),True
cotton,Madhya Pradesh,2026-03-28,7159.7,433.6,Agmarknet (Khandwa & Khargone Mandi),True
cotton,Madhya Pradesh,2026-03-30,7156.9,425.3,Agmarknet (Khandwa & Khargone Mandi),True
cotton,Madhya Pradesh,2026-03-31,7155.7,420.0,Agmarknet (Khandwa & Khargone Mandi),True
cotton,Madhya Pradesh,2026-04-01,7154.6,414.0,Agmarknet (Khandwa & Khargone Mandi),True
cotton,Madhya Pradesh,2026-04-02,7153.7,407.4,Agmarknet (Khandwa & Khargone Mandi),True
cotton,Madhya Pradesh,2026-04-03,7153.0,400.2,Agmarknet (Khandwa & Khargone Mandi),True
cotton,Madhya Pradesh,2026-04-04,7152.4,392.4,Agmarknet (Khandwa & Khargone Mandi),True
cotton,Madhya Pradesh,2026-04-06,7151.7,375.8,Agmarknet (Khandwa & Khargone Mandi),True
cotton,Madhya Pradesh,2026-04-07,7151.6,367.1,Agmarknet (Khandwa & Khargone Mandi),True
cotton,Madhya Pradesh,2026-04-08,7151.7,358.2,Agmarknet (Khandwa & Khargone Mandi),True
cotton,Madhya Pradesh,2026-04-09,7152.0,349.2,Agmarknet (Khandwa & Khargone Mandi),True
cotton,Madhya Pradesh,2026-04-10,7152.5,340.2,Agmarknet (Khandwa & Khargone Mandi),True
cotton,Madhya Pradesh,2026-04-11,7153.1,331.3,Agmarknet (Khandwa & Khargone Mandi),True
cotton,Madhya Pradesh,2026-04-13,7154.9,314.2,Agmarknet (Khandwa & Khargone Mandi),True
cotton,Madhya Pradesh,2026-04-14,7156.0,306.2,Agmarknet (Khandwa & Khargone Mandi),True
cotton,Madhya Pradesh,2026-04-15,7157.4,298.5,Agmarknet (Khandwa & Khargone Mandi),True
cotton,Madhya Pradesh,2026-04-16,7158.8,291.4,Agmarknet (Khandwa & Khargone Mandi),True
cotton,Madhya Pradesh,2026-04-17,7160.5,284.9,Agmarknet (Khandwa & Khargone Mandi),True
cotton,Madhya Pradesh,2026-04-18,7162.3,279.0,Agmarknet (Khandwa & Khargone Mandi),True
cotton,Madhya Pradesh,2026-04-20,7166.3,269.4,Agmarknet (Khandwa & Khargone Mandi),True
cotton,Madhya Pradesh,2026-04-21,7168.5,265.8,Agmarknet (Khandwa & Khargone Mandi),True
cotton,Madhya Pradesh,2026-04-22,7170.8,263.1,Agmarknet (Khandwa & Khargone Mandi),True
cotton,Madhya Pradesh,2026-04-23,7173.2,261.2,Agmarknet (Khandwa & Khargone Mandi),True
cotton,Madhya Pradesh,2026-04-24,7175.7,260.2,Agmarknet (Khandwa & Khargone Mandi),True
cotton,Madhya Pradesh,2026-04-25,7178.3,260.1,Agmarknet (Khandwa & Khargone Mandi),True
cotton,Madhya Pradesh,2026-04-27,7183.7,262.5,Agmarknet (Khandwa & Khargone Mandi),True
cotton,Madhya Pradesh,2026-04-28,7186.4,265.1,Agmarknet (Khandwa & Khargone Mandi),True
cotton,Madhya Pradesh,2026-04-29,7189.3,268.5,Agmarknet (Khandwa & Khargone Mandi),True
cotton,Madhya Pradesh,2026-04-30,7192.1,272.7,Agmarknet (Khandwa & Khargone Mandi),True
cotton,Madhya Pradesh,2026-05-01,7194.9,277.7,Agmarknet (Khandwa & Khargone Mandi),True
cotton,Madhya Pradesh,2026-05-02,7197.8,283.4,Agmarknet (Khandwa & Khargone Mandi),True
cotton,Madhya Pradesh,2026-05-04,7203.4,296.8,Agmarknet (Khandwa & Khargone Mandi),True
cotton,Madhya Pradesh,2026-05-05,7206.2,304.3,Agmarknet (Khandwa & Khargone Mandi),True
cotton,Madhya Pradesh,2026-05-06,7208.9,312.3,Agmarknet (Khandwa & Khargone Mandi),True
cotton,Madhya Pradesh,2026-05-07,7211.6,320.6,Agmarknet (Khandwa & Khargone Mandi),True
cotton,Madhya Pradesh,2026-05-08,7214.1,329.2,Agmarknet (Khandwa & Khargone Mandi),True
cotton,Madhya Pradesh,2026-05-09,7216.6,338.1,Agmarknet (Khandwa & Khargone Mandi),True
cotton,Madhya Pradesh,2026-05-11,7221.3,356.0,Agmarknet (Khandwa & Khargone Mandi),True
cotton,Madhya Pradesh,2026-05-12,7223.5,365.0,Agmarknet (Khandwa & Khargone Mandi),True
cotton,Madhya Pradesh,2026-05-13,7225.5,373.8,Agmarknet (Khandwa & Khargone Mandi),True
cotton,Madhya Pradesh,2026-05-14,7227.4,382.3,Agmarknet (Khandwa & Khargone Mandi),True
cotton,Madhya Pradesh,2026-05-15,7229.2,390.5,Agmarknet (Khandwa & Khargone Mandi),True
cotton,Madhya Pradesh,2026-05-16,7230.8,398.4,Agmarknet (Khandwa & Khargone Mandi),True
cotton,Madhya Pradesh,2026-05-18,7233.5,412.5,Agmarknet (Khandwa & Khargone Mandi),True
cotton,Madhya Pradesh,2026-05-19,7234.7,418.6,Agmarknet (Khandwa & Khargone Mandi),True
cotton,Madhya Pradesh,2026-05-20,7235.6,424.1,Agmarknet (Khandwa & Khargone Mandi),True
cotton,Madhya Pradesh,2026-05-21,7236.4,428.8,Agmarknet (Khandwa & Khargone Mandi),True
cotton,Madhya Pradesh,2026-05-22,7237.0,432.8,Agmarknet (Khandwa & Khargone Mandi),True
cotton,Madhya Pradesh,2026-05-23,7237.4,435.9,Agmarknet (Khandwa & Khargone Mandi),True
cotton,Madhya Pradesh,2026-05-25,7237.7,439.5,Agmarknet (Khandwa & Khargone Mandi),True
cotton,Madhya Pradesh,2026-05-26,7237.6,440.0,Agmarknet (Khandwa & Khargone Mandi),True
cotton,Madhya Pradesh,2026-05-27,7237.3,439.6,Agmarknet (Khandwa & Khargone Mandi),True
cotton,Madhya Pradesh,2026-05-28,7236.8,438.3,Agmarknet (Khandwa & Khargone Mandi),True
cotton,Madhya Pradesh,2026-05-29,7236.2,436.1,Agmarknet (Khandwa & Khargone Mandi),True
cotton,Madhya Pradesh,2026-05-30,7235.4,433.0,Agmarknet (Khandwa & Khargone Mandi),True
cotton,Madhya Pradesh,2026-06-01,7233.4,424.5,Agmarknet (Khandwa & Khargone Mandi),True
cotton,Madhya Pradesh,2026-06-02,7232.2,419.0,Agmarknet (Khandwa & Khargone Mandi),True
cotton,Madhya Pradesh,2026-06-03,7230.8,412.9,Agmarknet (Khandwa & Khargone Mandi),True
cotton,Madhya Pradesh,2026-06-04,7229.3,406.2,Agmarknet (Khandwa & Khargone Mandi),True
cotton,Madhya Pradesh,2026-06-05,7227.7,398.9,Agmarknet (Khandwa & Khargone Mandi),True
cotton,Madhya Pradesh,2026-06-06,7226.0,391.1,Agmarknet (Khandwa & Khargone Mandi),True
cotton,Madhya Pradesh,2026-06-08,7222.3,374.4,Agmarknet (Khandwa & Khargone Mandi),True
cotton,Madhya Pradesh,2026-06-09,7220.3,365.6,Agmarknet (Khandwa & Khargone Mandi),True
cotton,Madhya Pradesh,2026-06-10,7218.3,356.7,Agmarknet (Khandwa & Khargone Mandi),True
cotton,Madhya Pradesh,2026-06-11,7216.2,347.7,Agmarknet (Khandwa & Khargone Mandi),True
cotton,Madhya Pradesh,2026-06-12,7214.1,338.7,Agmarknet (Khandwa & Khargone Mandi),True
cotton,Madhya Pradesh,2026-06-13,7212.0,329.9,Agmarknet (Khandwa & Khargone Mandi),True
cotton,Madhya Pradesh,2026-06-15,7207.7,312.8,Agmarknet (Khandwa & Khargone Mandi),True
cotton,Madhya Pradesh,2026-06-16,7205.5,304.8,Agmarknet (Khandwa & Khargone Mandi),True
cotton,Madhya Pradesh,2026-06-17,7203.4,297.3,Agmarknet (Khandwa & Khargone Mandi),True
cotton,Madhya Pradesh,2026-06-18,7201.4,290.3,Agmarknet (Khandwa & Khargone Mandi),True
cotton,Madhya Pradesh,2026-06-19,7199.3,283.9,Agmarknet (Khandwa & Khargone Mandi),True
cotton,Madhya Pradesh,2026-06-20,7197.4,278.1,Agmarknet (Khandwa & Khargone Mandi),True
cotton,Madhya Pradesh,2026-06-22,7193.7,268.8,Agmarknet (Khandwa & Khargone Mandi),True
cotton,Madhya Pradesh,2026-06-23,7192.0,265.3,Agmarknet (Khandwa & Khargone Mandi),True
cotton,Madhya Pradesh,2026-06-24,7190.5,262.7,Agmarknet (Khandwa & Khargone Mandi),True
cotton,Madhya Pradesh,2026-06-25,7189.0,260.9,Agmarknet (Khandwa & Khargone Mandi),True
cotton,Madhya Pradesh,2026-06-26,7187.7,260.1,Agmarknet (Khandwa & Khargone Mandi),True
cotton,Madhya Pradesh,2026-06-27,7186.5,260.1,Agmarknet (Khandwa & Khargone Mandi),True
cotton,Madhya Pradesh,2026-06-29,7184.5,262.9,Agmarknet (Khandwa & Khargone Mandi),True
cotton,Madhya Pradesh,2026-06-30,7183.7,265.6,Agmarknet (Khandwa & Khargone Mandi),True
cotton,Madhya Pradesh,2026-07-01,7183.2,269.2,Agmarknet (Khandwa & Khargone Mandi),True
cotton,Madhya Pradesh,2026-07-02,7182.7,273.5,Agmarknet (Khandwa & Khargone Mandi),True
cotton,Madhya Pradesh,2026-07-03,7182.5,278.6,Agmarknet (Khandwa & Khargone Mandi),True
cotton,Madhya Pradesh,2026-07-04,7182.4,284.4,Agmarknet (Khandwa & Khargone Mandi),True
cotton,Madhya Pradesh,2026-07-06,7182.8,298.0,Agmarknet (Khandwa & Khargone Mandi),True
cotton,Madhya Pradesh,2026-07-07,7183.3,305.6,Agmarknet (Khandwa & Khargone Mandi),True
cotton,Madhya Pradesh,2026-07-08,7183.9,313.6,Agmarknet (Khandwa & Khargone Mandi),True
cotton,Madhya Pradesh,2026-07-09,7184.7,322.0,Agmarknet (Khandwa & Khargone Mandi),True
cotton,Madhya Pradesh,2026-07-10,7185.7,330.7,Agmarknet (Khandwa & Khargone Mandi),True
cotton,Madhya Pradesh,2026-07-11,7186.9,339.6,Agmarknet (Khandwa & Khargone Mandi),True
cotton,Madhya Pradesh,2026-07-13,7189.7,357.6,Agmarknet (Khandwa & Khargone Mandi),True
cotton,Madhya Pradesh,2026-07-14,7191.3,366.5,Agmarknet (Khandwa & Khargone Mandi),True
cotton,Madhya Pradesh,2026-07-15,7193.1,375.2,Agmarknet (Khandwa & Khargone Mandi),True
cotton,Madhya Pradesh,2026-07-16,7195.1,383.7,Agmarknet (Khandwa & Khargone Mandi),True
cotton,Madhya Pradesh,2026-07-17,7197.1,391.9,Agmarknet (Khandwa & Khargone Mandi),True
cotton,Madhya Pradesh,2026-07-18,7199.3,399.6,Agmarknet (Khandwa & Khargone Mandi),True
cotton,Madhya Pradesh,2026-07-20,7204.1,413.6,Agmarknet (Khandwa & Khargone Mandi),True
cotton,Madhya Pradesh,2026-07-21,7206.6,419.6,Agmarknet (Khandwa & Khargone Mandi),True
cotton,Madhya Pradesh,2026-07-22,7209.2,424.9,Agmarknet (Khandwa & Khargone Mandi),True
cotton,Madhya Pradesh,2026-07-23,7211.8,429.5,Agmarknet (Khandwa & Khargone Mandi),True
cotton,Madhya Pradesh,2026-07-24,7214.6,433.4,Agmarknet (Khandwa & Khargone Mandi),True
cotton,Madhya Pradesh,2026-07-25,7217.3,436.3,Agmarknet (Khandwa & Khargone Mandi),True
cotton,Madhya Pradesh,2026-07-27,7223.0,439.7,Agmarknet (Khandwa & Khargone Mandi),True
cotton,Madhya Pradesh,2026-07-28,7225.8,440.0,Agmarknet (Khandwa & Khargone Mandi),True
cotton,Madhya Pradesh,2026-07-29,7228.7,439.4,Agmarknet (Khandwa & Khargone Mandi),True
cotton,Madhya Pradesh,2026-07-30,7231.5,438.0,Agmarknet (Khandwa & Khargone Mandi),True
cotton,Madhya Pradesh,2026-07-31,7234.3,435.6,Agmarknet (Khandwa & Khargone Mandi),True
cotton,Madhya Pradesh,2026-08-01,7237.1,432.4,Agmarknet (Khandwa & Khargone Mandi),True
cotton,Madhya Pradesh,2026-08-03,7242.4,423.6,Agmarknet (Khandwa & Khargone Mandi),True
cotton,Madhya Pradesh,2026-08-04,7245.0,418.1,Agmarknet (Khandwa & Khargone Mandi),True
cotton,Madhya Pradesh,2026-08-05,7247.5,411.8,Agmarknet (Khandwa & Khargone Mandi),True
cotton,Madhya Pradesh,2026-08-06,7249.9,405.0,Agmarknet (Khandwa & Khargone Mandi),True
cotton,Madhya Pradesh,2026-08-07,7252.2,397.6,Agmarknet (Khandwa & Khargone Mandi),True
cotton,Madhya Pradesh,2026-08-08,7254.3,389.8,Agmarknet (Khandwa & Khargone Mandi),True
cotton,Madhya Pradesh,2026-08-10,7258.3,372.9,Agmarknet (Khandwa & Khargone Mandi),True
cotton,Madhya Pradesh,2026-08-11,7260.0,364.1,Agmarknet (Khandwa & Khargone Mandi),True
cotton,Madhya Pradesh,2026-08-12,7261.6,355.2,Agmarknet (Khandwa & Khargone Mandi),True
cotton,Madhya Pradesh,2026-08-13,7263.1,346.2,Agmarknet (Khandwa & Khargone Mandi),True
cotton,Madhya Pradesh,2026-08-14,7264.4,337.2,Agmarknet (Khandwa & Khargone Mandi),True
cotton,Madhya Pradesh,2026-08-15,7265.5,328.4,Agmarknet (Khandwa & Khargone Mandi),True
cotton,Madhya Pradesh,2026-08-17,7267.2,311.5,Agmarknet (Khandwa & Khargone Mandi),True
cotton,Madhya Pradesh,2026-08-18,7267.8,303.5,Agmarknet (Khandwa & Khargone Mandi),True
cotton,Madhya Pradesh,2026-08-19,7268.2,296.1,Agmarknet (Khandwa & Khargone Mandi),True
cotton,Madhya Pradesh,2026-08-20,7268.4,289.1,Agmarknet (Khandwa & Khargone Mandi),True
cotton,Madhya Pradesh,2026-08-21,7268.5,282.8,Agmarknet (Khandwa & Khargone Mandi),True
cotton,Madhya Pradesh,2026-08-22,7268.4,277.2,Agmarknet (Khandwa & Khargone Mandi),True
cotton,Madhya Pradesh,2026-08-24,7267.6,268.1,Agmarknet (Khandwa & Khargone Mandi),True
cotton,Madhya Pradesh,2026-08-25,7267.0,264.8,Agmarknet (Khandwa & Khargone Mandi),True
cotton,Madhya Pradesh,2026-08-26,7266.2,262.3,Agmarknet (Khandwa & Khargone Mandi),True
cotton,Madhya Pradesh,2026-08-27,7265.2,260.7,Agmarknet (Khandwa & Khargone Mandi),True
cotton,Madhya Pradesh,2026-08-28,7264.1,260.0,Agmarknet (Khandwa & Khargone Mandi),True
cotton,Madhya Pradesh,2026-08-29,7262.9,260.2,Agmarknet (Khandwa & Khargone Mandi),True
cotton,Madhya Pradesh,2026-08-31,7260.0,263.3,Agmarknet (Khandwa & Khargone Mandi),True
